0,3523.200,3410
1,3562.500,3980
2,3420.400,3529
3,3505.400,3743
4,3443.300,3824
5,3632.900,3724
6,3364.100,3639
7,3555.200,4296
8,3382.800,3512
9,3453.900,3684
10,3462.300,4035
11,3387.800,4215
12,3512.000,3960
13,3568.500,4305
14,3486.500,3770
15,3642.000,4087
16,3512.200,3628
17,3623.100,3685
18,3563.300,4672
19,3542.100,4136
20,3559.200,3836
21,3495.300,3567
22,3524.200,3665
23,3636.600,4185
24,3494.300,3947
25,3413.400,3728
26,3527.000,3984
27,3471.200,3656
28,3458.900,4300
29,3533.900,3961
30,3322.300,3853
31,3320.200,3900
32,3489.000,3931
33,3457.400,4040
34,3345.900,3549
35,3345.000,3969
36,3357.100,3377
37,3335.800,3475
38,3337.700,4022
39,3241.400,4012
40,3282.500,4002
41,3355.900,3446
42,3184.600,4150
43,3248.000,3754
44,3226.100,3603
45,3090.600,3349
46,3176.100,3911
47,3174.000,3829
48,3216.100,3665
49,3135.000,3761
50,3063.500,3870
51,3147.600,3872
52,3146.400,4016
53,3044.100,3942
54,3135.200,3464
55,2975.300,4039
56,3039.500,4002
57,2962.800,3620
58,3111.800,3984
59,2986.200,3691
60,2881.900,3969
61,3039.800,4206
62,2992.300,3475
63,2974.100,3781
64,3001.600,3548
65,2965.400,3812
66,2957.900,3916
67,2983.300,3726
68,2956.400,3797
69,2953.500,3642
70,2954.600,4258
71,2904.300,3339
72,2961.500,3634
73,2945.900,3658
74,2893.300,3705
75,2845.400,4219
76,2888.400,3613
77,2836.700,3689
78,2917.400,4220
79,2831.800,4026
80,2946.100,3420
81,2813.600,4319
82,2913.500,4108
83,2926.500,3838
84,2949.500,3424
85,2889.800,4158
86,2857.500,4100
87,2860.300,3813
88,2901.200,4036
89,2916.500,3901
90,2849.200,4088
91,2896.400,3908
92,2857.100,3335
93,2833.300,3351
94,2847.200,4239
95,2868.100,3547
96,2747.100,4133
97,2759.000,3651
98,2859.900,3741
99,2755.100,3606
100,2882.700,3936
101,2801.500,3405
102,2847.600,3706
103,2728.600,4053
104,2889.600,3785
105,2889.500,3768
106,2759.700,3805
107,2742.100,3936
108,2786.700,4027
109,2790.300,3743
110,2793.600,3745
111,2842.700,3753
112,2730.600,3498
113,2851.600,4151
114,2740.300,3754
115,2728.700,3706
116,2831.200,4351
117,2757.000,3897
118,2810.800,4230
119,2783.700,4088
120,2726.500,4182
121,2809.600,4015
122,2826.900,4501
123,2771.200,4003
124,2797.700,3459
125,2810.800,4096
126,2881.600,4052
127,2812.900,3791
128,2764.000,3553
129,2794.300,4149
130,2752.700,3682
131,2789.900,4068
132,2794.400,3909
133,2792.000,3774
134,2740.600,3827
135,2789.800,3651
136,2826.800,4193
137,2842.800,3665
138,2799.000,4283
139,2808.200,4008
140,2800.400,3748
141,2833.000,3792
142,2805.600,3945
143,2748.500,3329
144,2718.100,3804
145,2833.700,4449
146,2782.400,4154
147,2841.200,4364
148,2849.700,3460
149,2754.400,3976
150,2796.000,4115
151,2819.000,3736
152,2795.900,3827
153,2827.500,3677
154,2840.600,3920
155,2718.500,4268
156,2770.700,4016
157,2764.000,3758
158,2830.800,3760
159,2814.000,3650
160,2822.400,3894
161,2750.900,4084
162,2867.800,4668
163,2823.100,3634
164,2740.400,4358
165,2801.600,3262
166,2756.700,4174
167,2809.400,3685
168,2772.700,4421
169,2813.700,3849
170,2738.900,4068
171,2780.200,3737
172,2742.600,3935
173,2797.900,3835
174,2699.400,3739
175,2784.100,3650
176,2766.800,3484
177,2797.300,4159
178,2780.300,4339
179,2802.100,4215
180,2753.100,3805
181,2765.700,3864
182,2752.900,4007
183,2789.800,4018
184,2791.900,3666
185,2724.000,3951
186,2832.000,4006
187,2750.500,4403
188,2738.400,3812
189,2789.200,3690
190,2733.700,3819
191,2720.800,4565
192,2770.600,4160
193,2766.500,3401
194,2759.500,2989
195,2789.600,3869
196,2756.900,3588
197,2744.000,3768
198,2766.400,4050
199,2747.700,4055
200,2793.900,4115
201,2778.700,3608
202,2718.900,3856
203,2748.500,4441
204,2765.400,4195
205,2727.700,4037
206,2768.900,3960
207,2741.100,4154
208,2759.500,4172
209,2760.800,4074
210,2722.700,3799
211,2732.200,3750
212,2751.800,4031
213,2693.600,3843
214,2774.700,4125
215,2752.300,3937
216,2828.000,3889
217,2774.600,4207
218,2715.300,3521
219,2776.600,4067
220,2774.000,3895
221,2768.200,3667
222,2698.600,3743
223,2709.500,3748
224,2741.600,3535
225,2792.500,4070
226,2766.200,4203
227,2747.000,3381
228,2751.800,3955
229,2778.800,4098
230,2751.300,3849
231,2733.500,4045
232,2727.300,3943
233,2798.100,3928
234,2755.400,3848
235,2732.400,4042
236,2695.100,3868
237,2766.400,4120
238,2733.400,3555
239,2767.700,3416
240,2760.700,3600
241,2784.700,3952
242,2783.400,3951
243,2744.200,3748
244,2800.600,4155
245,2748.000,3960
246,2759.400,3364
247,2790.900,4644
248,2800.900,4096
249,2707.200,3801
250,2769.200,4214
251,2743.000,3458
252,2732.100,3861
253,2774.500,3865
254,2737.700,3698
255,2756.500,3888
256,2742.800,3281
257,2756.400,4049
258,2703.800,3565
259,2734.800,3345
260,2786.300,3522
261,2754.200,3900
262,2755.000,4332
263,2720.900,3453
264,2766.900,3790
265,2733.100,3878
266,2777.900,4423
267,2754.300,4036
268,2771.400,3692
269,2763.500,4314
270,2681.300,4009
271,2777.300,3659
272,2750.800,4162
273,2736.000,4268
274,2710.900,3239
275,2717.400,3833
276,2734.000,3936
277,2677.300,3995
278,2687.600,3585
279,2697.800,3756
280,2683.100,3991
281,2664.500,4139
282,2732.800,4267
283,2723.100,3585
284,2724.000,4226
285,2764.500,3920
286,2682.900,3845
287,2736.300,3971
288,2740.600,3676
289,2728.200,3794
290,2654.700,4676
291,2713.600,3984
292,2742.000,3929
293,2746.400,3929
294,2718.500,3888
295,2715.200,4094
296,2720.700,3774
297,2703.100,3504
298,2656.500,3433
299,2711.800,4325
300,2733.700,3953
301,2685.400,4233
302,2712.700,4242
303,2716.500,3912
304,2673.900,3613
305,2673.000,4198
306,2704.400,4031
307,2705.600,4666
308,2659.600,3883
309,2704.000,3668
310,2696.600,4025
311,2717.000,3705
312,2680.200,4081
313,2691.300,4237
314,2739.100,3938
315,2691.300,3529
316,2719.200,3680
317,2650.900,4256
318,2687.700,3329
319,2712.500,3811
320,2706.000,4193
321,2676.800,3469
322,2699.100,3665
323,2701.400,3927
324,2689.200,4679
325,2689.900,3718
326,2723.700,4021
327,2729.500,4327
328,2723.900,3962
329,2713.400,4196
330,2740.600,3615
331,2684.900,3507
332,2711.500,3489
333,2672.300,4486
334,2706.500,3656
335,2694.000,3862
336,2627.800,3484
337,2720.100,3692
338,2683.500,3618
339,2699.500,3808
340,2683.900,4123
341,2685.600,4273
342,2664.500,3870
343,2695.300,4121
344,2695.900,3832
345,2670.500,3587
346,2675.500,4175
347,2682.400,3883
348,2703.000,4305
349,2685.200,3791
350,2702.300,4038
351,2642.800,4062
352,2640.200,3646
353,2645.200,4060
354,2696.800,3283
355,2711.600,3745
356,2706.700,4051
357,2682.300,3866
358,2699.600,3724
359,2675.100,3768
360,2727.200,3769
361,2641.800,4123
362,2655.200,3968
363,2674.400,3834
364,2659.300,3995
365,2619.600,4354
366,2678.900,3806
367,2711.500,3931
368,2692.900,4165
369,2668.800,3777
370,2677.100,4000
371,2670.800,3665
372,2625.500,4600
373,2748.200,3876
374,2718.500,3960
375,2721.400,3770
376,2645.200,4020
377,2668.600,3474
378,2694.800,3533
379,2710.300,3204
380,2685.700,3521
381,2689.000,3533
382,2622.700,4085
383,2678.300,3707
384,2671.100,4176
385,2663.500,4035
386,2665.100,3661
387,2761.200,3440
388,2675.400,3543
389,2666.300,4631
390,2663.600,3880
391,2720.900,3650
392,2658.300,3667
393,2692.200,3972
394,2722.900,3424
395,2663.300,3618
396,2653.900,3905
397,2633.700,3768
398,2648.400,4104
399,2652.900,4235
400,2653.400,3820
401,2631.500,3900
402,2645.800,3706
403,2658.900,3385
404,2647.100,3276
405,2654.100,3831
406,2692.600,4295
407,2630.900,3448
408,2669.300,4036
409,2662.000,3601
410,2673.000,3480
411,2654.900,3549
412,2695.400,3966
413,2693.900,3814
414,2682.100,3676
415,2706.000,3854
416,2660.800,3577
417,2704.800,3753
418,2634.100,3925
419,2670.900,3719
420,2699.200,3372
421,2708.100,3991
422,2647.200,3874
423,2633.400,3737
424,2641.200,3572
425,2621.800,3863
426,2642.600,3899
427,2631.700,3613
428,2589.200,3697
429,2636.700,3511
430,2681.800,4273
431,2667.600,4081
432,2661.000,3783
433,2644.500,3939
434,2660.500,3649
435,2631.100,4059
436,2704.000,4056
437,2635.600,3442
438,2651.900,4099
439,2693.400,3812
440,2638.600,4110
441,2643.000,4042
442,2636.100,4290
443,2635.900,3582
444,2639.300,3711
445,2641.600,3511
446,2675.500,3937
447,2635.900,3603
448,2669.600,3849
449,2699.200,3701
450,2684.600,3936
451,2645.400,3439
452,2635.300,3644
453,2644.900,3450
454,2665.800,3529
455,2670.600,3346
456,2653.400,4210
457,2700.400,3480
458,2715.400,3993
459,2675.200,3884
460,2699.300,3595
461,2680.800,3664
462,2674.500,4228
463,2625.300,3752
464,2678.600,3629
465,2662.200,3690
466,2654.400,4348
467,2675.600,4230
468,2691.700,4056
469,2657.600,3761
470,2625.000,3968
471,2664.100,3488
472,2713.200,4323
473,2669.700,3633
474,2647.100,3563
475,2668.900,3709
476,2648.600,3898
477,2632.500,3742
478,2645.800,4048
479,2637.100,3956
480,2643.300,3987
481,2704.800,4061
482,2669.200,4024
483,2665.500,3752
484,2648.800,4384
485,2643.800,3780
486,2719.900,3807
487,2671.200,3734
488,2654.700,4248
489,2727.200,3575
490,2681.400,4284
491,2689.100,3642
492,2697.500,3680
493,2653.000,3616
494,2663.400,4421
495,2633.700,3756
496,2713.900,3773
497,2681.400,4015
498,2704.100,3552
499,2677.800,3723
500,2725.600,4480
501,2644.000,3462
502,2711.600,4411
503,2692.600,3786
504,2683.700,4106
505,2659.200,3783
506,2676.400,3721
507,2655.500,4080
508,2682.900,3081
509,2683.400,4165
510,2698.000,3668
511,2707.700,3775
512,2662.700,3927
513,2631.500,4275
514,2666.100,3343
515,2682.500,4166
516,2676.500,3558
517,2666.200,3714
518,2688.300,3916
519,2696.900,3841
520,2713.600,3798
521,2680.200,3508
522,2693.800,4033
523,2661.300,4014
524,2639.300,3723
525,2702.500,3705
526,2704.400,3756
527,2700.100,3885
528,2669.800,4070
529,2666.400,3504
530,2735.800,4086
531,2659.100,3737
532,2698.700,3972
533,2685.800,4473
534,2718.500,3935
535,2638.300,3845
536,2701.600,4104
537,2692.800,3957
538,2684.500,4107
539,2708.300,3539
540,2672.200,3298
541,2707.300,3673
542,2668.000,3736
543,2642.600,3740
544,2649.700,3607
545,2645.200,3879
546,2699.900,3577
547,2680.100,3888
548,2644.600,3709
549,2654.700,3505
550,2695.100,4326
551,2674.400,3575
552,2705.200,3668
553,2699.800,4400
554,2689.200,4738
555,2695.500,4126
556,2677.100,3584
557,2736.200,3625
558,2675.200,3523
559,2714.300,4248
560,2684.700,4144
561,2721.000,3546
562,2670.800,3768
563,2689.200,3459
564,2699.900,3940
565,2663.900,4469
566,2687.600,4263
567,2693.400,3753
568,2666.200,3929
569,2735.300,4113
570,2621.700,4195
571,2695.000,3888
572,2707.200,3445
573,2730.600,3770
574,2702.200,3321
575,2661.000,4068
576,2663.600,3406
577,2696.500,4128
578,2680.300,3904
579,2676.300,3915
580,2688.700,4484
581,2705.500,3667
582,2707.400,3742
583,2697.900,3979
584,2690.100,3808
585,2664.000,4244
586,2685.300,3948
587,2729.700,4254
588,2693.700,4132
589,2678.300,4129
590,2715.600,4059
591,2692.600,3779
592,2698.400,4401
593,2721.700,3898
594,2712.200,4242
595,2687.000,4396
596,2656.900,3951
597,2701.200,4086
598,2727.300,3814
599,2715.000,4402
600,2684.000,3481
601,2718.500,3605
602,2742.600,4276
603,2704.100,4212
604,2729.000,4055
605,2749.300,4157
606,2696.800,3800
607,2718.100,3778
608,2683.700,3431
609,2642.000,4158
610,2686.800,3956
611,2674.500,4217
612,2701.400,3767
613,2693.900,3682
614,2687.900,3758
615,2726.800,3920
616,2679.400,4198
617,2688.200,3762
618,2716.700,3829
619,2656.800,3461
620,2647.300,3994
621,2710.700,3470
622,2697.300,3471
623,2713.300,3952
624,2701.300,3561
625,2650.800,4382
626,2657.100,4211
627,2716.300,3875
628,2726.000,4344
629,2657.800,3983
630,2654.200,3392
631,2685.100,4155
632,2692.100,3522
633,2617.200,3957
634,2697.000,4667
635,2663.200,3643
636,2683.100,3781
637,2670.100,4275
638,2712.700,3411
639,2683.300,3446
640,2684.500,3831
641,2744.300,3774
642,2702.100,4313
643,2643.500,4209
644,2718.800,3498
645,2667.100,4493
646,2671.600,3905
647,2702.600,4267
648,2694.900,3756
649,2641.900,4159
650,2697.800,3957
651,2729.000,4081
652,2723.700,3691
653,2687.300,3725
654,2683.300,3731
655,2683.600,3827
656,2634.000,4229
657,2706.300,3910
658,2698.400,3589
659,2664.200,3744
660,2695.900,3959
661,2670.100,4241
662,2642.100,3623
663,2655.900,4286
664,2739.700,3865
665,2648.800,4445
666,2685.500,4357
667,2685.200,3731
668,2675.300,3762
669,2682.400,3665
670,2677.500,3400
671,2722.400,3830
672,2683.500,3582
673,2646.300,3609
674,2653.600,3697
675,2700.700,4123
676,2710.900,3580
677,2691.200,4697
678,2705.400,4370
679,2687.900,4248
680,2717.200,3687
681,2732.500,3860
682,2667.500,4063
683,2683.000,4110
684,2683.100,4200
685,2690.300,3829
686,2660.400,3862
687,2677.200,4047
688,2640.400,3915
689,2685.000,3801
690,2698.800,4058
691,2660.800,3687
692,2672.100,4001
693,2698.600,4633
694,2671.300,4594
695,2729.200,4179
696,2686.900,3700
697,2732.600,3964
698,2706.400,3447
699,2726.500,3855
700,2717.900,3863
701,2673.800,3679
702,2689.100,4144
703,2659.200,4013
704,2703.800,4148
705,2719.100,4192
706,2661.000,3880
707,2714.400,3805
708,2695.500,4195
709,2727.200,3887
710,2701.800,3314
711,2731.300,3875
712,2694.100,3983
713,2689.100,3891
714,2714.700,3741
715,2706.200,3573
716,2681.800,3857
717,2759.500,4391
718,2725.600,3902
719,2695.800,3880
720,2686.200,4374
721,2718.500,3362
722,2680.700,3714
723,2721.600,3633
724,2752.200,3788
725,2743.600,4046
726,2706.200,3661
727,2724.600,3925
728,2738.600,3529
729,2701.200,3779
730,2691.200,3772
731,2729.600,3631
732,2750.000,4028
733,2714.600,3951
734,2716.300,3950
735,2705.500,4469
736,2711.900,3808
737,2667.200,4000
738,2706.100,3682
739,2714.800,4531
740,2735.500,3518
741,2711.500,3727
742,2635.000,3448
743,2793.200,3642
744,2726.500,3820
745,2666.600,3453
746,2741.000,3520
747,2709.100,4157
748,2675.900,3408
749,2702.400,4198
750,2665.200,3708
751,2685.800,4059
752,2718.100,3297
753,2727.600,3919
754,2725.900,3955
755,2721.200,3504
756,2677.300,3905
757,2717.500,4200
758,2701.300,3950
759,2691.000,4061
760,2711.900,3480
761,2698.700,4013
762,2722.300,3541
763,2720.000,3650
764,2713.200,3954
765,2720.700,3257
766,2675.200,3687
767,2717.700,3744
768,2691.000,4534
769,2754.200,4008
770,2653.600,4382
771,2734.900,3851
772,2666.500,3516
773,2736.400,3878
774,2709.500,3728
775,2669.300,4018
776,2670.000,3833
777,2742.800,3701
778,2675.700,3988
779,2688.300,3406
780,2652.900,4237
781,2649.900,3820
782,2690.500,3885
783,2650.500,3795
784,2675.700,3979
785,2672.800,3913
786,2685.200,4131
787,2711.000,3559
788,2654.000,3691
789,2678.700,3877
790,2672.100,3405
791,2707.000,3439
792,2676.200,3784
793,2665.000,3996
794,2654.000,4375
795,2647.400,3952
796,2636.300,3490
797,2710.000,3860
798,2702.500,4165
799,2711.300,3425
800,2693.500,4044
801,2679.600,3895
802,2675.700,3545
803,2720.600,3696
804,2695.600,4008
805,2647.400,3571
806,2705.000,4239
807,2656.000,4048
808,2648.200,4061
809,2666.600,3933
810,2638.400,3168
811,2694.900,3636
812,2678.300,3345
813,2688.400,3634
814,2697.400,3711
815,2687.500,3833
816,2673.300,3832
817,2639.200,3876
818,2690.600,3897
819,2623.100,3530
820,2659.400,3661
821,2700.800,3809
822,2734.000,3919
823,2676.600,3881
824,2715.700,3681
825,2666.400,4001
826,2646.200,4143
827,2686.100,4192
828,2679.300,3514
829,2684.300,4107
830,2661.700,3991
831,2673.100,4300
832,2651.300,3798
833,2675.200,3686
834,2678.600,3878
835,2674.200,4114
836,2723.500,4329
837,2661.800,4044
838,2710.500,4115
839,2671.100,3961
840,2691.600,4223
841,2678.800,3835
842,2712.900,3787
843,2700.700,3884
844,2703.900,4103
845,2719.100,3897
846,2662.200,4156
847,2739.600,3677
848,2709.000,3710
849,2648.900,4246
850,2700.600,3771
851,2659.900,4436
852,2673.400,3945
853,2710.900,3968
854,2668.800,3670
855,2714.500,3865
856,2638.600,3726
857,2625.900,3735
858,2638.900,3955
859,2698.900,3982
860,2674.700,4139
861,2608.400,3650
862,2648.700,3650
863,2677.700,4127
864,2672.700,4006
865,2683.900,4461
866,2645.900,3788
867,2636.300,3927
868,2690.600,3666
869,2697.800,3734
870,2653.000,4098
871,2683.700,4240
872,2651.900,3858
873,2682.900,3971
874,2684.400,3874
875,2669.900,3761
876,2662.800,3984
877,2681.600,4036
878,2606.600,3471
879,2665.500,3930
880,2604.800,4027
881,2693.500,4109
882,2606.200,3689
883,2674.600,3490
884,2675.000,3833
885,2640.000,3872
886,2647.600,3896
887,2640.800,3643
888,2672.400,4273
889,2698.500,3892
890,2653.300,4096
891,2680.600,3535
892,2643.200,3820
893,2657.300,3799
894,2625.400,3577
895,2639.100,3921
896,2637.100,3982
897,2644.600,3606
898,2710.400,4103
899,2659.200,3891
900,2714.200,4036
901,2699.700,3763
902,2664.400,3758
903,2698.600,3655
904,2671.000,4268
905,2653.800,4155
906,2668.000,3880
907,2665.500,3937
908,2650.700,3947
909,2691.700,3989
910,2682.400,4057
911,2721.500,3717
912,2651.000,4416
913,2639.800,4145
914,2665.400,3478
915,2630.800,3551
916,2625.000,4429
917,2632.100,3470
918,2690.900,3600
919,2636.900,3797
920,2674.300,3835
921,2636.500,4200
922,2616.200,3864
923,2664.800,4129
924,2612.800,3912
925,2667.200,3781
926,2683.800,3373
927,2642.900,3754
928,2679.500,3715
929,2659.700,3416
930,2656.400,3922
931,2634.800,3997
932,2636.800,3829
933,2666.700,3917
934,2645.800,4350
935,2649.400,4118
936,2627.000,3730
937,2632.700,3739
938,2625.900,3928
939,2665.200,3815
940,2666.500,3850
941,2644.300,3648
942,2670.000,3547
943,2677.800,3693
944,2711.900,4096
945,2683.500,3794
946,2679.900,3912
947,2674.600,3572
948,2619.200,3888
949,2651.300,3443
950,2647.600,3414
951,2637.500,3558
952,2678.300,3928
953,2641.500,4109
954,2655.300,4324
955,2623.700,4065
956,2618.400,4104
957,2654.900,3978
958,2693.100,4264
959,2690.800,4303
960,2644.000,3990
961,2635.300,3345
962,2607.100,3951
963,2661.200,4352
964,2649.000,3659
965,2681.300,3829
966,2632.400,3871
967,2615.100,4101
968,2677.400,3944
969,2646.100,3841
970,2658.800,3541
971,2642.200,3556
972,2680.100,3818
973,2660.800,4297
974,2659.500,3678
975,2677.400,4025
976,2663.000,3795
977,2603.600,3742
978,2648.200,3876
979,2682.200,3967
980,2648.100,4025
981,2670.000,3742
982,2652.000,3999
983,2709.100,3488
984,2685.200,3819
985,2652.600,3393
986,2667.900,3856
987,2717.700,3869
988,2666.500,4240
989,2679.900,3934
990,2672.400,3659
991,2654.900,4078
992,2629.200,3843
993,2678.100,4195
994,2621.300,3714
995,2663.600,3986
996,2693.600,4279
997,2634.100,3893
998,2639.600,3921
999,2642.900,3809
1000,2655.000,3418
1001,2644.300,3923
1002,2657.400,3929
1003,2695.800,3355
1004,2683.100,4201
1005,2664.300,3907
1006,2648.700,3377
1007,2687.200,4371
1008,2632.100,4640
1009,2665.800,3839
1010,2668.000,4313
1011,2641.200,3890
1012,2674.700,3666
1013,2696.400,4138
1014,2642.800,3468
1015,2670.700,3996
1016,2635.700,3897
1017,2656.600,4111
1018,2656.100,4053
1019,2666.700,3669
1020,2644.100,4227
1021,2717.900,4007
1022,2707.900,4341
1023,2670.000,3729
1024,2629.800,4121
1025,2640.800,3971
1026,2686.200,3924
1027,2670.000,3726
1028,2633.100,3594
1029,2647.800,3940
1030,2632.200,4230
1031,2623.700,4277
1032,2622.700,3856
1033,2659.100,4583
1034,2645.600,4369
1035,2640.500,3763
1036,2699.900,3990
1037,2627.900,3866
1038,2625.200,3721
1039,2671.100,4136
1040,2657.100,4594
1041,2666.100,4142
1042,2673.500,3664
1043,2670.000,3743
1044,2645.800,3914
1045,2661.500,3491
1046,2672.100,3592
1047,2645.200,3697
1048,2638.500,3984
1049,2653.600,3846
1050,2648.500,3563
1051,2644.800,4287
1052,2704.800,4064
1053,2649.900,3705
1054,2636.800,3656
1055,2681.600,3847
1056,2668.200,4019
1057,2716.300,3385
1058,2623.000,3729
1059,2658.500,3560
1060,2681.100,3573
1061,2704.700,3806
1062,2658.600,3960
1063,2690.200,3798
1064,2662.100,4452
1065,2614.300,3851
1066,2651.400,3970
1067,2638.100,3700
1068,2667.900,3928
1069,2668.400,3815
1070,2646.500,3355
1071,2682.600,3909
1072,2663.800,3946
1073,2639.500,3729
1074,2689.700,4151
1075,2724.400,3694
1076,2728.000,3810
1077,2661.900,3616
1078,2621.600,4037
1079,2696.000,4047
1080,2615.700,4215
1081,2664.400,4208
1082,2666.100,3747
1083,2666.000,4712
1084,2691.600,3916
1085,2681.700,3722
1086,2689.000,3945
1087,2679.400,4314
1088,2680.000,3886
1089,2681.900,4326
1090,2649.500,4153
1091,2659.600,4079
1092,2681.600,3361
1093,2657.800,4165
1094,2692.000,4371
1095,2637.500,4155
1096,2675.600,4025
1097,2668.700,3652
1098,2621.600,3881
1099,2680.200,3900
1100,2658.100,4171
1101,2670.100,4411
1102,2703.400,3787
1103,2710.500,4004
1104,2716.800,4063
1105,2651.900,3231
1106,2671.800,4031
1107,2675.200,4420
1108,2681.700,4008
1109,2650.700,4409
1110,2681.800,4031
1111,2657.200,3743
1112,2688.800,4166
1113,2667.000,4032
1114,2686.400,4141
1115,2651.200,3995
1116,2650.700,4494
1117,2680.500,3629
1118,2707.300,3648
1119,2686.300,3941
1120,2656.900,4641
1121,2711.800,3889
1122,2663.500,4022
1123,2665.500,4167
1124,2686.600,4142
1125,2704.500,4205
1126,2654.700,3932
1127,2710.900,3468
1128,2649.300,3448
1129,2723.200,3893
1130,2684.400,3955
1131,2661.200,3507
1132,2696.300,3816
1133,2670.300,3831
1134,2676.000,3516
1135,2692.900,3867
1136,2630.700,3985
1137,2632.100,3896
1138,2714.500,4049
1139,2679.800,3542
1140,2720.700,3587
1141,2713.100,4005
1142,2696.800,3284
1143,2694.300,3820
1144,2610.400,4065
1145,2676.100,3866
1146,2613.100,3605
1147,2647.100,3872
1148,2673.100,4578
1149,2682.600,4062
1150,2645.900,3464
1151,2665.500,4061
1152,2695.900,4095
1153,2658.300,4074
1154,2698.200,3681
1155,2673.000,3867
1156,2626.200,3419
1157,2641.200,4012
1158,2645.500,3473
1159,2661.600,4021
1160,2660.900,4082
1161,2634.400,3916
1162,2637.900,3856
1163,2660.300,4235
1164,2635.200,4483
1165,2716.600,3637
1166,2668.700,3950
1167,2661.600,3909
1168,2608.600,3764
1169,2614.000,3954
1170,2654.500,3220
1171,2704.700,3945
1172,2637.200,3817
1173,2652.000,3791
1174,2660.600,4089
1175,2604.200,3570
1176,2689.000,3851
1177,2672.700,4085
1178,2674.300,4208
1179,2705.000,3760
1180,2675.800,3832
1181,2666.800,3961
1182,2672.100,3646
1183,2640.900,3778
1184,2727.500,4217
1185,2689.700,3700
1186,2605.500,4154
1187,2664.300,3795
1188,2603.800,4144
1189,2639.300,4369
1190,2654.600,4169
1191,2676.200,4253
1192,2611.700,4037
1193,2592.600,3586
1194,2659.700,3357
1195,2620.500,3571
1196,2625.100,3821
1197,2641.800,3635
1198,2623.900,3791
1199,2622.900,4208
1200,2655.200,3862
1201,2657.600,3810
1202,2635.200,3973
1203,2664.400,3576
1204,2645.600,3759
1205,2656.400,3573
1206,2701.500,3962
1207,2667.100,3572
1208,2595.000,3792
1209,2600.700,3605
1210,2685.200,4047
1211,2610.300,3517
1212,2673.600,3886
1213,2643.000,3822
1214,2625.300,3688
1215,2667.500,3825
1216,2674.900,4319
1217,2663.700,4022
1218,2617.800,3835
1219,2661.300,3845
1220,2639.700,3638
1221,2633.500,4041
1222,2665.200,4099
1223,2639.000,3737
1224,2615.900,3774
1225,2663.100,4069
1226,2621.400,3317
1227,2611.200,4105
1228,2663.500,4170
1229,2625.300,3175
1230,2662.600,4015
1231,2628.900,4641
1232,2625.400,3828
1233,2677.600,4257
1234,2685.300,3617
1235,2681.300,3945
1236,2641.200,3965
1237,2653.200,3977
1238,2619.000,3930
1239,2657.900,4200
1240,2669.800,4281
1241,2636.900,3915
1242,2658.700,3664
1243,2639.300,3742
1244,2627.700,4184
1245,2654.800,3775
1246,2658.900,3868
1247,2677.200,3477
1248,2644.200,3679
1249,2700.900,4418
1250,2677.100,4060
1251,2649.200,3876
1252,2695.800,3680
1253,2682.700,4023
1254,2663.100,3675
1255,2664.900,4037
1256,2628.400,3688
1257,2656.100,3931
1258,2660.500,3762
1259,2651.600,3450
1260,2637.300,4038
1261,2675.400,4004
1262,2688.400,3699
1263,2646.000,4023
1264,2651.000,3952
1265,2637.300,4090
1266,2622.800,3893
1267,2631.400,3591
1268,2637.600,4298
1269,2646.400,4161
1270,2637.700,3680
1271,2614.900,3745
1272,2648.000,3342
1273,2694.000,4318
1274,2664.700,4077
1275,2649.200,4141
1276,2613.400,4004
1277,2641.200,3561
1278,2691.800,3719
1279,2684.900,4055
1280,2679.000,3943
1281,2673.100,3399
1282,2691.100,3760
1283,2695.800,3593
1284,2684.200,3809
1285,2609.100,3658
1286,2686.000,3495
1287,2649.000,3801
1288,2663.200,4222
1289,2684.900,4080
1290,2667.400,4253
1291,2627.100,3532
1292,2648.100,3817
1293,2655.500,4027
1294,2653.400,3616
1295,2669.900,4239
1296,2657.500,4082
1297,2637.200,3987
1298,2651.000,3991
1299,2632.800,3814
1300,2689.500,4059
1301,2674.100,3715
1302,2673.100,4007
1303,2680.400,3499
1304,2720.000,3692
1305,2644.900,3798
1306,2629.200,4118
1307,2650.100,4040
1308,2688.400,3944
1309,2671.600,4097
1310,2673.500,3821
1311,2702.100,4347
1312,2688.600,3759
1313,2705.700,3635
1314,2660.500,3596
1315,2656.800,3576
1316,2667.000,4247
1317,2648.200,4268
1318,2640.800,3973
1319,2630.800,3993
1320,2634.600,3490
1321,2663.600,3821
1322,2641.800,4506
1323,2669.100,3674
1324,2633.700,4384
1325,2614.400,4336
1326,2625.000,4370
1327,2642.500,3576
1328,2651.200,3693
1329,2642.300,3799
1330,2611.400,3383
1331,2676.500,3705
1332,2648.200,4084
1333,2665.700,3361
1334,2663.400,3575
1335,2641.700,4163
1336,2630.600,4040
1337,2670.600,3533
1338,2691.500,4078
1339,2642.900,4900
1340,2649.200,4212
1341,2655.200,4049
1342,2636.800,3908
1343,2631.100,4078
1344,2643.400,4406
1345,2620.500,4208
1346,2586.600,3901
1347,2675.900,4133
1348,2643.200,3427
1349,2699.100,3702
1350,2658.700,3387
1351,2677.400,3596
1352,2659.800,4127
1353,2636.200,3809
1354,2680.900,3495
1355,2697.000,4359
1356,2667.200,3619
1357,2638.500,4341
1358,2644.400,3874
1359,2617.400,3622
1360,2633.900,3724
1361,2669.900,3765
1362,2647.600,3771
1363,2658.500,3667
1364,2623.600,4101
1365,2643.300,4100
1366,2635.600,3671
1367,2665.900,3955
1368,2695.600,3777
1369,2669.000,3669
1370,2629.500,4209
1371,2654.700,3834
1372,2650.300,3776
1373,2685.500,3729
1374,2691.800,3914
1375,2636.800,4042
1376,2691.900,3917
1377,2662.400,3532
1378,2633.900,3935
1379,2722.400,3969
1380,2663.000,3849
1381,2671.100,3845
1382,2667.400,4211
1383,2742.000,3732
1384,2661.600,4318
1385,2656.700,3567
1386,2685.800,4174
1387,2694.900,3990
1388,2670.000,3876
1389,2661.100,4009
1390,2673.000,3954
1391,2650.500,3719
1392,2645.700,3804
1393,2653.700,3778
1394,2677.900,4057
1395,2677.600,4007
1396,2659.100,3759
1397,2686.800,3504
1398,2693.300,4066
1399,2698.000,3731
1400,2703.300,4145
1401,2745.200,3418
1402,2724.700,3974
1403,2653.600,3661
1404,2634.800,4007
1405,2680.300,4155
1406,2700.500,4305
1407,2615.200,3933
1408,2682.600,4036
1409,2667.300,3941
1410,2652.300,4208
1411,2698.200,3974
1412,2631.000,3606
1413,2687.000,4103
1414,2635.300,3401
1415,2663.900,3536
1416,2608.300,3901
1417,2591.700,3799
1418,2663.000,3566
1419,2681.000,3800
1420,2640.800,3831
1421,2682.000,3407
1422,2650.800,3322
1423,2681.800,4101
1424,2651.200,3872
1425,2655.100,4107
1426,2651.400,3846
1427,2652.900,3385
1428,2669.600,3923
1429,2690.400,3902
1430,2671.300,3779
1431,2642.600,3547
1432,2665.700,4171
1433,2667.900,4230
1434,2678.800,3747
1435,2666.300,3971
1436,2645.800,3102
1437,2688.800,3827
1438,2647.000,4620
1439,2631.600,3651
1440,2660.800,3785
1441,2668.900,3984
1442,2668.400,3553
1443,2683.900,3775
1444,2645.800,3789
1445,2676.300,4961
1446,2656.000,3768
1447,2655.300,3904
1448,2712.600,3859
1449,2643.800,3698
1450,2699.400,3441
1451,2659.600,3758
1452,2671.500,3497
1453,2691.500,4555
1454,2650.100,4337
1455,2669.100,4204
1456,2675.300,3484
1457,2666.400,3908
1458,2660.900,3783
1459,2683.500,3763
1460,2670.200,3794
1461,2639.200,4038
1462,2666.000,3614
1463,2714.000,3877
1464,2675.200,3642
1465,2669.200,3655
1466,2668.300,3735
1467,2686.100,4069
1468,2641.500,4039
1469,2664.200,4016
1470,2700.800,4366
1471,2677.000,3785
1472,2707.400,3669
1473,2638.200,4730
1474,2674.600,4452
1475,2684.200,4381
1476,2675.700,3617
1477,2655.300,3765
1478,2694.800,4215
1479,2722.300,3594
1480,2728.400,3645
1481,2702.800,4157
1482,2684.400,4160
1483,2699.300,3970
1484,2645.600,3707
1485,2720.500,3983
1486,2691.300,3375
1487,2656.600,4025
1488,2693.300,4446
1489,2678.800,4377
1490,2686.900,3735
1491,2723.900,3908
1492,2683.600,4037
1493,2630.100,4143
1494,2687.500,4062
1495,2695.900,3924
1496,2687.300,3748
1497,2690.600,3640
1498,2657.700,4139
1499,2713.500,3632
1500,2638.200,3972
1501,2617.600,3978
1502,2706.800,3897
1503,2694.200,3717
1504,2652.600,4032
1505,2645.500,3668
1506,2705.100,3688
1507,2686.300,3835
1508,2652.800,4118
1509,2676.900,3551
1510,2691.700,4133
1511,2686.700,3591
1512,2730.900,3383
1513,2670.900,3524
1514,2674.700,3826
1515,2683.700,3702
1516,2687.500,3805
1517,2692.700,4157
1518,2693.300,3748
1519,2723.100,3734
1520,2661.900,3618
1521,2671.800,3869
1522,2661.800,3885
1523,2658.500,4026
1524,2700.000,3704
1525,2667.800,3903
1526,2651.700,3906
1527,2676.800,3606
1528,2646.300,3623
1529,2657.300,3944
1530,2653.300,3728
1531,2684.600,3507
1532,2682.900,4369
1533,2660.600,3580
1534,2613.800,3456
1535,2643.400,3615
1536,2672.500,3956
1537,2687.900,3472
1538,2639.000,3820
1539,2690.500,3554
1540,2673.300,3784
1541,2703.400,4282
1542,2664.000,3671
1543,2655.000,3958
1544,2651.100,3746
1545,2676.000,3735
1546,2667.400,3863
1547,2653.200,3763
1548,2651.700,3848
1549,2658.100,3297
1550,2656.100,3966
1551,2663.500,3745
1552,2654.300,4705
1553,2666.000,3944
1554,2637.400,4143
1555,2703.900,4062
1556,2653.700,3861
1557,2683.200,3550
1558,2657.000,3803
1559,2653.900,4040
1560,2667.600,3919
1561,2648.000,4041
1562,2644.100,4249
1563,2702.100,4011
1564,2694.400,3490
1565,2675.900,3801
1566,2645.800,3468
1567,2654.700,4355
1568,2644.800,4104
1569,2643.400,3899
1570,2671.900,3997
1571,2678.200,3780
1572,2656.300,3578
1573,2662.300,3559
1574,2629.200,3878
1575,2645.700,3778
1576,2644.100,3630
1577,2633.700,4094
1578,2644.800,3617
1579,2649.700,3940
1580,2652.500,3762
1581,2667.200,3736
1582,2649.500,3876
1583,2643.600,4108
1584,2681.800,3901
1585,2703.000,3817
1586,2642.500,3525
1587,2652.200,3332
1588,2676.600,3378
1589,2616.600,5196
1590,2652.900,4227
1591,2620.500,4074
1592,2622.900,3611
1593,2649.600,4074
1594,2627.100,3838
1595,2673.800,3683
1596,2614.900,3542
1597,2639.000,4004
1598,2628.700,3674
1599,2612.800,3678
1600,2673.700,3881
1601,2617.100,3873
1602,2711.900,4120
1603,2649.400,3984
1604,2613.500,3467
1605,2610.400,3845
1606,2650.500,3779
1607,2626.900,3911
1608,2649.600,4293
1609,2643.000,3903
1610,2606.600,3359
1611,2583.300,3761
1612,2632.300,3406
1613,2602.100,3854
1614,2635.200,3947
1615,2611.800,4086
1616,2641.500,4118
1617,2617.800,4097
1618,2649.600,3749
1619,2628.800,3498
1620,2672.900,3815
1621,2662.000,3987
1622,2619.400,3780
1623,2633.400,3974
1624,2668.100,3892
1625,2682.300,4024
1626,2603.300,4102
1627,2631.500,4102
1628,2627.600,4153
1629,2613.600,3402
1630,2651.700,3995
1631,2642.700,3917
1632,2672.100,3901
1633,2594.000,3479
1634,2666.100,3724
1635,2641.300,3781
1636,2666.300,3381
1637,2604.700,3852
1638,2646.200,3828
1639,2612.200,4417
1640,2646.800,3615
1641,2656.500,4099
1642,2606.800,4148
1643,2669.100,3924
1644,2637.300,4157
1645,2590.800,3705
1646,2660.300,3660
1647,2649.400,3876
1648,2652.800,3627
1649,2671.500,3870
1650,2660.900,4088
1651,2676.500,3540
1652,2621.100,3821
1653,2633.000,3698
1654,2665.400,3871
1655,2637.300,3665
1656,2629.500,3847
1657,2645.100,3759
1658,2648.200,3768
1659,2671.600,3359
1660,2632.900,4274
1661,2653.400,3899
1662,2663.500,3787
1663,2660.600,3697
1664,2644.200,3545
1665,2662.000,3821
1666,2640.300,4107
1667,2676.700,3646
1668,2656.400,4249
1669,2657.100,4171
1670,2693.800,4005
1671,2652.500,3883
1672,2641.700,4012
1673,2675.700,3997
1674,2676.200,3849
1675,2677.400,3510
1676,2709.500,4071
1677,2678.500,4228
1678,2653.600,3752
1679,2669.500,3768
1680,2728.400,3914
1681,2667.700,4065
1682,2655.800,3828
1683,2694.900,3796
1684,2667.900,3536
1685,2636.800,3506
1686,2703.600,3667
1687,2670.900,3554
1688,2683.200,4077
1689,2602.300,3804
1690,2637.800,3713
1691,2677.400,4181
1692,2656.200,3898
1693,2636.800,4140
1694,2628.800,4366
1695,2647.800,4397
1696,2648.200,3606
1697,2651.400,4507
1698,2665.500,4186
1699,2654.800,4042
1700,2645.200,4139
1701,2652.800,3788
1702,2641.700,3638
1703,2671.000,4064
1704,2667.700,3818
1705,2698.100,4285
1706,2651.700,3903
1707,2693.200,3587
1708,2621.100,3518
1709,2620.500,3997
1710,2664.500,4316
1711,2610.400,3669
1712,2675.700,3755
1713,2661.700,3678
1714,2610.900,4283
1715,2644.900,4118
1716,2621.900,3941
1717,2655.400,4086
1718,2608.500,4159
1719,2637.900,4032
1720,2663.300,3924
1721,2591.700,3928
1722,2609.400,3739
1723,2621.300,3879
1724,2653.400,3609
1725,2644.100,4097
1726,2608.900,3387
1727,2638.200,3933
1728,2627.900,3758
1729,2618.600,4267
1730,2665.100,4004
1731,2651.200,3700
1732,2639.000,3980
1733,2663.800,3514
1734,2610.400,4534
1735,2652.900,3885
1736,2696.200,3646
1737,2674.500,3747
1738,2621.700,3869
1739,2689.100,3807
1740,2686.200,4834
1741,2649.000,4068
1742,2648.900,4284
1743,2629.300,3790
1744,2636.400,3813
1745,2682.100,4229
1746,2681.100,3533
1747,2683.700,4023
1748,2614.600,4022
1749,2666.100,3975
1750,2623.500,3820
1751,2662.300,4477
1752,2611.800,4218
1753,2650.000,4355
1754,2625.400,4078
1755,2606.000,3978
1756,2603.500,3773
1757,2647.900,3918
1758,2614.600,4080
1759,2625.600,3740
1760,2645.900,4006
1761,2634.300,4290
1762,2630.200,3763
1763,2613.100,4093
1764,2598.000,3785
1765,2587.000,3593
1766,2625.200,4531
1767,2618.500,3782
1768,2625.300,3961
1769,2627.200,4024
1770,2594.300,3909
1771,2653.400,3440
1772,2637.200,3845
1773,2636.400,3484
1774,2616.500,3939
1775,2627.700,3866
1776,2631.700,3350
1777,2658.600,4019
1778,2618.000,3664
1779,2640.700,4442
1780,2668.500,4021
1781,2638.100,3541
1782,2649.500,4065
1783,2603.500,3840
1784,2596.500,3344
1785,2632.100,3587
1786,2643.400,4204
1787,2597.500,3834
1788,2637.700,3943
1789,2616.900,3821
1790,2637.200,3861
1791,2624.500,3856
1792,2603.600,4163
1793,2653.700,3968
1794,2625.100,3916
1795,2604.700,4295
1796,2631.900,3563
1797,2636.300,4033
1798,2619.900,3836
1799,2589.800,4022
1800,2650.900,3660
1801,2618.600,3768
1802,2592.800,3552
1803,2603.500,3753
1804,2633.500,4290
1805,2617.300,3848
1806,2631.300,3556
1807,2640.800,3695
1808,2634.800,3801
1809,2594.400,3935
1810,2669.700,3557
1811,2612.000,4186
1812,2672.000,3897
1813,2637.800,3790
1814,2636.700,3614
1815,2652.800,3473
1816,2621.000,3746
1817,2620.300,3977
1818,2649.500,3669
1819,2603.900,4032
1820,2610.200,4227
1821,2617.200,3568
1822,2628.700,3745
1823,2598.300,3922
1824,2648.000,3908
1825,2616.700,3835
1826,2631.000,3562
1827,2655.600,3609
1828,2606.600,3814
1829,2620.100,3860
1830,2627.400,4155
1831,2611.700,3635
1832,2612.000,3861
1833,2629.700,3441
1834,2601.700,4783
1835,2670.000,4021
1836,2592.400,4017
1837,2624.600,4120
1838,2571.800,3925
1839,2634.600,3598
1840,2640.900,3692
1841,2615.100,3979
1842,2650.900,4222
1843,2663.100,4199
1844,2632.300,4136
1845,2645.300,4627
1846,2628.900,4422
1847,2645.100,3843
1848,2607.200,3806
1849,2614.700,3853
1850,2659.900,3901
1851,2619.300,3723
1852,2646.500,3976
1853,2636.400,3635
1854,2616.900,3483
1855,2600.900,3672
1856,2629.100,3525
1857,2652.100,3817
1858,2611.000,3806
1859,2630.200,3952
1860,2644.500,3808
1861,2620.300,4390
1862,2644.000,3460
1863,2606.000,3542
1864,2642.900,3919
1865,2605.000,3687
1866,2623.100,4237
1867,2616.200,3870
1868,2643.400,3387
1869,2612.200,3344
1870,2607.700,3987
1871,2675.700,3475
1872,2603.500,4007
1873,2636.900,4580
1874,2638.800,4241
1875,2645.000,4162
1876,2618.400,3977
1877,2626.300,4075
1878,2622.000,3677
1879,2652.300,3608
1880,2630.200,4231
1881,2639.400,3439
1882,2643.900,4347
1883,2632.800,4139
1884,2634.400,3428
1885,2637.400,3719
1886,2638.100,3670
1887,2631.600,3988
1888,2655.100,3571
1889,2657.000,3751
1890,2662.100,4067
1891,2677.400,3843
1892,2667.900,3501
1893,2669.600,4145
1894,2661.200,3827
1895,2643.900,3889
1896,2630.300,3735
1897,2629.800,4400
1898,2616.300,3485
1899,2649.500,3400
1900,2598.600,3673
1901,2671.500,3940
1902,2597.300,4067
1903,2649.000,4009
1904,2637.400,4181
1905,2654.500,3924
1906,2646.200,3679
1907,2637.900,3923
1908,2605.000,3828
1909,2631.800,3867
1910,2633.700,3758
1911,2590.700,3999
1912,2652.200,3810
1913,2602.100,3972
1914,2622.000,4246
1915,2673.700,3949
1916,2643.600,3485
1917,2641.800,3979
1918,2598.900,3701
1919,2625.100,3558
1920,2597.800,4424
1921,2627.700,4212
1922,2658.300,3809
1923,2637.000,4166
1924,2615.600,4107
1925,2615.700,4259
1926,2627.600,3370
1927,2654.600,3490
1928,2631.300,4155
1929,2621.700,4224
1930,2637.400,3892
1931,2646.700,3713
1932,2625.900,4260
1933,2641.000,3932
1934,2665.700,3884
1935,2641.200,3705
1936,2610.200,3993
1937,2651.100,3818
1938,2630.200,3726
1939,2647.300,3851
1940,2647.700,4124
1941,2600.300,4016
1942,2683.800,4342
1943,2627.300,3696
1944,2616.100,4188
1945,2627.400,3947
1946,2614.800,3830
1947,2651.700,4131
1948,2653.500,3492
1949,2600.300,3927
1950,2648.700,4266
1951,2619.800,3525
1952,2615.300,4135
1953,2654.800,3709
1954,2589.900,3656
1955,2638.800,3626
1956,2625.000,3998
1957,2668.800,3752
1958,2655.900,4351
1959,2606.500,4433
1960,2643.700,3741
1961,2608.000,4180
1962,2649.600,3695
1963,2631.700,4021
1964,2616.400,4826
1965,2649.200,3073
1966,2614.600,3616
1967,2591.900,3962
1968,2644.200,3761
1969,2625.600,4087
1970,2617.500,3865
1971,2603.800,4201
1972,2627.200,3522
1973,2630.600,4682
1974,2606.900,4041
1975,2621.900,3722
1976,2612.200,4200
1977,2634.200,3916
1978,2618.400,3674
1979,2611.100,3484
1980,2650.000,4045
1981,2619.700,3629
1982,2595.100,3582
1983,2608.800,3571
1984,2642.600,3777
1985,2652.000,3612
1986,2587.300,4375
1987,2595.100,3806
1988,2637.800,3964
1989,2619.200,3467
1990,2627.000,4197
1991,2616.400,3308
1992,2617.000,3742
1993,2617.900,4418
1994,2638.500,3462
1995,2608.800,3521
1996,2620.000,3983
1997,2637.300,3673
1998,2639.700,3187
1999,2630.700,3828
2000,2631.200,4028
2001,2675.800,4376
2002,2615.300,3273
2003,2648.600,3920
2004,2608.900,3873
2005,2612.200,3886
2006,2628.200,4095
2007,2640.600,3900
2008,2626.300,3650
2009,2619.800,4435
2010,2643.400,3999
2011,2585.900,4047
2012,2580.600,3926
2013,2624.400,3782
2014,2636.000,3686
2015,2608.300,4151
2016,2662.400,4122
2017,2632.600,4012
2018,2647.700,3768
2019,2600.500,3940
2020,2614.600,3853
2021,2636.100,3722
2022,2613.500,3412
2023,2628.400,3565
2024,2674.000,3864
2025,2624.100,3495
2026,2638.800,4168
2027,2615.100,3877
2028,2646.200,4297
2029,2655.500,3863
2030,2676.700,3839
2031,2640.100,3691
2032,2659.500,3792
2033,2626.400,3752
2034,2631.000,4245
2035,2627.000,3892
2036,2630.000,3884
2037,2648.700,3884
2038,2673.000,3819
2039,2657.000,3896
2040,2643.000,4542
2041,2660.100,4162
2042,2652.700,4160
2043,2656.300,4138
2044,2631.500,3513
2045,2643.600,4002
2046,2642.900,3741
2047,2617.400,3879
2048,2632.200,3548
2049,2656.300,3342
2050,2629.600,3673
2051,2646.500,3688
2052,2625.600,3772
2053,2662.300,3712
2054,2603.100,3679
2055,2606.500,3676
2056,2627.900,4197
2057,2598.000,3992
2058,2600.400,3987
2059,2619.600,4122
2060,2606.500,3824
2061,2606.000,3754
2062,2639.500,3944
2063,2596.500,3953
2064,2629.000,3533
2065,2615.400,3699
2066,2577.400,3939
2067,2599.300,3691
2068,2626.500,4031
2069,2627.200,3792
2070,2593.100,3692
2071,2582.600,3873
2072,2640.800,3732
2073,2626.300,3999
2074,2589.500,4091
2075,2590.700,3991
2076,2584.500,4315
2077,2600.500,3850
2078,2628.200,4190
2079,2631.300,4094
2080,2590.600,3695
2081,2590.600,3824
2082,2590.500,3432
2083,2582.100,3821
2084,2565.500,3720
2085,2614.900,4164
2086,2638.600,3861
2087,2621.700,4192
2088,2598.100,3964
2089,2638.100,3900
2090,2606.800,3662
2091,2562.200,3887
2092,2634.900,3799
2093,2592.300,3697
2094,2590.200,4293
2095,2619.500,3850
2096,2600.400,3660
2097,2589.900,3714
2098,2642.800,4199
2099,2615.600,3609
2100,2586.500,3508
2101,2636.700,3928
2102,2651.000,3815
2103,2634.000,4210
2104,2651.600,4191
2105,2630.500,4080
2106,2638.800,4189
2107,2639.300,3827
2108,2650.700,3959
2109,2652.100,3770
2110,2600.800,3451
2111,2636.300,4235
2112,2675.200,3709
2113,2656.900,4046
2114,2631.400,3544
2115,2623.900,3960
2116,2671.300,3810
2117,2623.600,3601
2118,2650.500,3770
2119,2601.800,4150
2120,2672.200,3990
2121,2658.900,3686
2122,2674.400,3278
2123,2642.500,3739
2124,2635.900,3575
2125,2663.800,4250
2126,2670.600,3797
2127,2650.600,3825
2128,2691.100,4171
2129,2641.300,3719
2130,2654.900,3683
2131,2686.600,3794
2132,2665.300,3733
2133,2695.600,3613
2134,2672.700,3673
2135,2631.400,4183
2136,2611.900,3907
2137,2653.300,3838
2138,2640.100,3972
2139,2668.000,4361
2140,2686.500,3809
2141,2628.300,4615
2142,2631.200,3756
2143,2659.900,3874
2144,2651.400,3891
2145,2645.900,4278
2146,2647.200,4068
2147,2683.200,4302
2148,2681.200,3904
2149,2635.500,3425
2150,2635.300,3805
2151,2648.300,4106
2152,2659.000,3629
2153,2645.200,4098
2154,2645.500,3990
2155,2646.000,3726
2156,2631.100,3598
2157,2661.600,3686
2158,2655.300,3977
2159,2679.600,3849
2160,2654.000,3693
2161,2667.400,3936
2162,2679.000,3625
2163,2646.100,3882
2164,2696.400,4050
2165,2647.600,4568
2166,2685.200,4029
2167,2665.000,3814
2168,2681.300,3596
2169,2663.300,3560
2170,2635.900,3840
2171,2653.800,4391
2172,2589.200,4180
2173,2656.400,3940
2174,2606.300,3627
2175,2636.900,4013
2176,2648.900,3838
2177,2588.700,3982
2178,2615.200,3902
2179,2662.300,3821
2180,2632.400,3326
2181,2656.300,4360
2182,2667.400,3887
2183,2648.300,4050
2184,2610.700,4348
2185,2655.200,3626
2186,2631.600,3427
2187,2629.600,4336
2188,2645.800,4272
2189,2641.100,3769
2190,2638.300,3916
2191,2621.300,3325
2192,2628.000,4214
2193,2625.200,3780
2194,2644.800,4100
2195,2695.700,3727
2196,2593.200,3866
2197,2591.900,3875
2198,2652.600,4098
2199,2643.000,3439
2200,2627.600,3948
2201,2621.600,4441
2202,2621.100,4135
2203,2655.800,3723
2204,2645.500,3532
2205,2630.700,3707
2206,2660.600,4317
2207,2605.600,4404
2208,2626.800,3752
2209,2654.600,3550
2210,2637.300,3869
2211,2623.500,3624
2212,2645.700,3869
2213,2629.800,4426
2214,2667.100,3913
2215,2674.600,3791
2216,2642.800,4285
2217,2615.300,4278
2218,2635.300,3873
2219,2639.400,4248
2220,2616.600,4223
2221,2684.200,3679
2222,2623.400,3875
2223,2653.700,3842
2224,2625.600,3601
2225,2635.300,3903
2226,2676.500,3805
2227,2633.800,3894
2228,2644.000,3634
2229,2615.100,3757
2230,2645.500,3659
2231,2604.200,3795
2232,2656.600,4002
2233,2654.500,3582
2234,2621.800,3602
2235,2663.700,4222
2236,2675.100,4010
2237,2595.600,3481
2238,2630.400,3649
2239,2683.800,3828
2240,2619.800,3907
2241,2669.400,4019
2242,2654.900,4513
2243,2576.900,3193
2244,2651.000,3617
2245,2640.900,3747
2246,2576.000,3840
2247,2626.900,3675
2248,2648.900,3711
2249,2657.600,4369
2250,2658.600,3587
2251,2768.300,3785
2252,2681.900,3894
2253,2651.700,4133
2254,2696.800,3950
2255,2651.400,4030
2256,2675.500,3738
2257,2634.800,3963
2258,2670.300,4014
2259,2623.500,3866
2260,2654.500,3530
2261,2693.600,3765
2262,2629.900,3729
2263,2646.800,3943
2264,2625.000,4062
2265,2659.200,3989
2266,2638.300,3723
2267,2684.800,4074
2268,2704.100,4179
2269,2682.900,3914
2270,2697.700,3875
2271,2688.100,3508
2272,2664.200,3702
2273,2656.200,4042
2274,2689.900,3729
2275,2689.500,3518
2276,2685.400,3530
2277,2650.200,4098
2278,2649.100,3735
2279,2685.300,3734
2280,2632.800,3585
2281,2659.800,3722
2282,2710.600,3389
2283,2647.900,3977
2284,2650.700,4369
2285,2725.000,4249
2286,2667.500,3848
2287,2660.600,4599
2288,2625.200,3744
2289,2600.300,4049
2290,2647.400,4112
2291,2663.800,3783
2292,2644.900,4042
2293,2652.200,3938
2294,2638.600,3777
2295,2647.100,4055
2296,2637.600,3907
2297,2705.700,3421
2298,2638.600,3976
2299,2696.500,4252
2300,2672.400,3915
2301,2661.600,4024
2302,2683.200,3701
2303,2624.700,3664
2304,2656.000,3916
2305,2633.200,3961
2306,2646.000,3963
2307,2633.300,3746
2308,2674.600,4066
2309,2672.700,3814
2310,2658.100,3666
2311,2612.400,3631
2312,2666.500,4471
2313,2728.800,3671
2314,2662.600,3791
2315,2679.600,3659
2316,2661.400,4109
2317,2641.600,4232
2318,2706.800,3483
2319,2629.100,3309
2320,2644.200,3651
2321,2641.600,3724
2322,2635.100,3523
2323,2623.300,3612
2324,2629.000,3674
2325,2639.500,4079
2326,2625.000,3765
2327,2655.200,3726
2328,2639.800,4497
2329,2627.100,3711
2330,2652.600,3807
2331,2601.500,3759
2332,2619.100,3715
2333,2636.600,3858
2334,2672.100,4012
2335,2667.400,3583
2336,2634.200,3999
2337,2618.900,3916
2338,2675.100,3696
2339,2614.400,3654
2340,2711.300,4257
2341,2662.500,3910
2342,2687.400,3744
2343,2657.300,3766
2344,2673.200,3713
2345,2641.900,3508
2346,2658.300,3517
2347,2622.600,3715
2348,2596.300,3885
2349,2616.500,3461
2350,2700.600,4013
2351,2629.800,3678
2352,2653.000,3873
2353,2592.000,4218
2354,2636.300,3414
2355,2660.900,4416
2356,2668.900,3605
2357,2604.200,3347
2358,2628.900,3818
2359,2610.100,3743
2360,2625.500,3818
2361,2626.800,3512
2362,2618.900,3765
2363,2618.500,3981
2364,2595.100,3625
2365,2636.400,3943
2366,2634.400,3866
2367,2634.400,3604
2368,2613.900,3772
2369,2648.900,3728
2370,2663.500,3657
2371,2657.400,3803
2372,2630.700,3331
2373,2611.800,3737
2374,2638.700,3721
2375,2601.900,4218
2376,2647.000,4170
2377,2617.800,3828
2378,2620.100,3502
2379,2611.700,3457
2380,2601.600,4502
2381,2603.000,4009
2382,2584.800,4534
2383,2614.100,3575
2384,2641.200,3976
2385,2633.500,3999
2386,2611.400,3725
2387,2612.800,4190
2388,2588.200,4001
2389,2599.200,4516
2390,2583.700,4152
2391,2583.800,3741
2392,2621.600,3751
2393,2588.900,3899
2394,2609.400,4119
2395,2587.100,3938
2396,2597.500,3527
2397,2616.900,4789
2398,2604.600,3653
2399,2573.600,3855
2400,2602.800,3767
2401,2642.400,3543
2402,2615.100,4051
2403,2603.700,3454
2404,2610.200,3668
2405,2600.900,3609
2406,2598.100,3905
2407,2609.900,3991
2408,2600.300,3742
2409,2585.100,3931
2410,2607.500,3818
2411,2606.000,3809
2412,2587.100,3697
2413,2615.200,3619
2414,2665.500,4087
2415,2622.600,3759
2416,2584.800,3847
2417,2587.600,3599
2418,2657.500,4350
2419,2628.300,3719
2420,2614.300,3616
2421,2555.700,4116
2422,2634.900,3503
2423,2620.100,3704
2424,2571.000,4258
2425,2597.400,3522
2426,2581.100,4330
2427,2621.900,3811
2428,2587.500,3766
2429,2599.300,3874
2430,2607.700,4315
2431,2619.900,3903
2432,2579.700,3943
2433,2605.600,3953
2434,2611.200,3710
2435,2580.500,4484
2436,2615.400,4209
2437,2588.700,3742
2438,2607.900,3727
2439,2550.700,4174
2440,2610.500,3702
2441,2597.500,3508
2442,2580.800,3554
2443,2576.200,4222
2444,2589.600,3374
2445,2563.100,3825
2446,2587.700,4193
2447,2584.300,4341
2448,2613.000,3636
2449,2611.800,3467
2450,2599.700,4243
2451,2590.200,3978
2452,2599.200,4015
2453,2618.500,3649
2454,2630.200,4030
2455,2652.800,3797
2456,2605.600,3877
2457,2589.500,3940
2458,2595.200,3559
2459,2600.800,4227
2460,2629.400,3939
2461,2587.400,3924
2462,2562.100,3692
2463,2566.100,3736
2464,2617.700,3526
2465,2605.800,3720
2466,2606.100,3743
2467,2611.500,4066
2468,2566.500,3404
2469,2606.800,3869
2470,2598.900,3531
2471,2602.900,3725
2472,2621.400,4309
2473,2611.200,3629
2474,2569.000,4152
2475,2603.900,3823
2476,2582.600,4102
2477,2570.300,4017
2478,2606.400,3909
2479,2558.800,3540
2480,2596.000,4062
2481,2581.200,3799
2482,2651.200,3698
2483,2582.800,4370
2484,2596.200,3886
2485,2656.500,3570
2486,2612.500,3636
2487,2603.100,3917
2488,2606.600,3903
2489,2572.900,3816
2490,2624.600,4183
2491,2598.400,4124
2492,2609.000,3839
2493,2586.400,3609
2494,2566.900,3802
2495,2671.500,3994
2496,2623.900,3686
2497,2636.300,3465
2498,2590.000,3639
2499,2579.400,4210
2500,2623.000,3719
2501,2613.300,3677
2502,2588.100,4033
2503,2569.400,4091
2504,2575.000,3737
2505,2616.700,4423
2506,2599.100,3832
2507,2573.300,3713
2508,2582.700,4452
2509,2562.300,3680
2510,2589.400,3701
2511,2598.800,3669
2512,2604.300,4006
2513,2589.800,3601
2514,2568.200,4181
2515,2591.100,3659
2516,2591.700,4059
2517,2567.400,3856
2518,2566.700,4198
2519,2593.100,3601
2520,2593.600,3402
2521,2606.800,4165
2522,2587.300,4013
2523,2576.700,3785
2524,2567.000,3798
2525,2581.400,4062
2526,2596.200,4726
2527,2576.700,3571
2528,2593.500,3797
2529,2568.600,3479
2530,2616.800,4111
2531,2557.000,4091
2532,2564.000,3760
2533,2574.500,3991
2534,2588.400,4001
2535,2639.000,3818
2536,2578.700,4175
2537,2582.800,3960
2538,2598.400,3899
2539,2584.200,4154
2540,2582.600,3494
2541,2559.700,4088
2542,2550.800,4013
2543,2578.800,4336
2544,2555.800,3730
2545,2589.300,4026
2546,2563.900,3743
2547,2564.100,3662
2548,2586.000,3687
2549,2543.800,3876
2550,2553.500,3392
2551,2595.900,3855
2552,2577.600,3936
2553,2548.600,3717
2554,2557.600,3667
2555,2533.000,4042
2556,2558.800,3767
2557,2567.300,4659
2558,2555.200,3591
2559,2538.200,3623
2560,2547.600,4256
2561,2537.600,4160
2562,2547.500,4167
2563,2537.400,3839
2564,2547.700,3715
2565,2543.400,3758
2566,2560.700,3199
2567,2562.200,3759
2568,2560.500,4391
2569,2555.200,4076
2570,2555.300,3857
2571,2533.600,4466
2572,2561.800,3561
2573,2541.200,4505
2574,2550.400,3767
2575,2554.500,4075
2576,2565.100,3826
2577,2533.000,3771
2578,2539.400,3521
2579,2526.600,3484
2580,2526.300,4098
2581,2528.600,4016
2582,2527.000,3427
2583,2569.700,3903
2584,2543.100,3625
2585,2545.000,3593
2586,2539.400,3831
2587,2544.300,3921
2588,2540.200,3960
2589,2555.700,3854
2590,2541.100,3266
2591,2538.200,4163
2592,2546.700,4176
2593,2541.200,4097
2594,2556.300,4017
2595,2549.100,3319
2596,2563.900,3992
2597,2539.000,3866
2598,2531.000,3867
2599,2528.400,3638
2600,2544.100,4002
2601,2531.200,3716
2602,2535.000,3525
2603,2544.300,4062
2604,2529.600,3836
2605,2533.100,3530
2606,2530.000,3666
2607,2540.200,3785
2608,2553.600,3893
2609,2543.600,3704
2610,2550.700,3948
2611,2529.000,3524
2612,2537.800,3629
2613,2535.600,4037
2614,2556.600,4244
2615,2556.300,3677
2616,2529.100,3527
2617,2528.800,3591
2618,2536.600,3793
2619,2532.500,3979
2620,2527.800,4108
2621,2531.600,3887
2622,2529.600,3844
2623,2534.200,4229
2624,2537.300,3822
2625,2527.200,3722
2626,2532.800,3890
2627,2533.300,3455
2628,2527.100,4408
2629,2528.600,3799
2630,2526.200,3713
2631,2532.700,4067
2632,2530.000,3864
2633,2544.400,4120
2634,2542.700,3851
2635,2541.600,3573
2636,2526.600,3517
2637,2541.700,3849
2638,2527.600,3785
2639,2550.200,3411
2640,2538.100,3896
2641,2546.100,4053
2642,2540.200,3514
2643,2527.100,4213
2644,2527.800,3719
2645,2537.800,3697
2646,2539.500,3973
2647,2528.100,3759
2648,2534.700,3871
2649,2536.900,4075
2650,2526.100,4008
2651,2537.600,3895
2652,2539.000,4413
2653,2525.000,3743
2654,2538.600,3699
2655,2548.400,4213
2656,2528.100,3481
2657,2543.000,3954
2658,2527.600,4109
2659,2531.500,3902
2660,2528.500,3897
2661,2532.700,3731
2662,2533.500,3546
2663,2529.400,3391
2664,2534.300,4232
2665,2541.500,4104
2666,2540.200,3913
2667,2533.200,3419
2668,2527.800,3795
2669,2527.700,3758
2670,2541.400,3937
2671,2530.300,3312
2672,2536.500,3986
2673,2545.800,3837
2674,2529.500,4195
2675,2540.700,3757
2676,2537.600,3849
2677,2536.100,3742
2678,2540.300,4017
2679,2538.800,3937
2680,2532.400,3874
2681,2530.100,4056
2682,2531.800,3682
2683,2526.200,3437
2684,2531.700,4255
2685,2528.400,3665
2686,2539.900,4225
2687,2537.100,3541
2688,2534.900,3843
2689,2533.900,3595
2690,2534.200,3647
2691,2528.900,3932
2692,2533.900,3644
2693,2537.300,3688
2694,2525.900,3722
2695,2538.800,4044
2696,2531.500,3911
2697,2531.500,3949
2698,2534.900,4011
2699,2528.300,4548
2700,2536.600,4074
2701,2528.300,3968
2702,2534.900,3709
2703,2529.800,3731
2704,2541.000,3789
2705,2528.600,3818
2706,2525.000,3604
2707,2527.300,3597
2708,2528.000,3622
2709,2525.000,4323
2710,2527.800,3990
2711,2527.100,3553
2712,2527.300,3951
2713,2525.100,4225
2714,2537.700,3226
2715,2531.600,3741
2716,2527.700,3959
2717,2528.600,3896
2718,2525.000,4371
2719,2529.800,4039
2720,2535.600,4221
2721,2529.000,3731
2722,2534.900,3670
2723,2525.100,3757
2724,2532.700,3435
2725,2530.300,3771
2726,2529.100,4250
2727,2533.500,3822
2728,2525.200,3867
2729,2525.000,4291
2730,2532.700,3821
2731,2525.000,3548
2732,2525.000,3599
2733,2526.800,4142
2734,2525.000,3862
2735,2528.600,3511
2736,2528.100,3949
2737,2532.000,3837
2738,2525.000,4740
2739,2528.200,3893
2740,2527.100,3726
2741,2525.000,3699
2742,2525.000,3648
2743,2525.000,3881
2744,2525.000,3768
2745,2525.600,4038
2746,2528.800,3925
2747,2530.100,4098
2748,2527.700,4337
2749,2525.000,4126
2750,2526.400,3702
2751,2525.000,3686
2752,2525.000,4010
2753,2525.000,4174
2754,2528.900,3851
2755,2525.000,4133
2756,2530.400,3544
2757,2526.400,3599
2758,2528.200,3968
2759,2530.100,3673
2760,2533.200,3919
2761,2527.700,3618
2762,2536.400,3849
2763,2535.000,3817
2764,2531.800,3646
2765,2530.500,3931
2766,2528.200,3768
2767,2528.900,4058
2768,2530.400,3388
2769,2537.000,4020
2770,2527.000,4097
2771,2529.700,4317
2772,2538.900,3807
2773,2535.000,4127
2774,2526.400,4194
2775,2533.900,3517
2776,2530.700,4023
2777,2531.200,3714
2778,2534.700,4034
2779,2525.000,3529
2780,2534.800,3769
2781,2525.000,4167
2782,2537.900,3952
2783,2547.700,3831
2784,2528.200,4696
2785,2531.800,3714
2786,2531.400,3886
2787,2532.400,4181
2788,2526.400,4278
2789,2535.000,3755
2790,2526.400,4393
2791,2528.200,4150
2792,2530.600,3957
2793,2525.000,4155
2794,2525.000,3954
2795,2534.100,3867
2796,2527.700,4116
2797,2540.300,3602
2798,2528.200,4504
2799,2534.300,3690
2800,2527.700,3429
2801,2546.900,3979
2802,2533.700,3960
2803,2528.200,3589
2804,2537.200,4215
2805,2537.100,3848
2806,2530.300,4258
2807,2530.800,3893
2808,2529.500,3910
2809,2536.700,3909
2810,2525.300,3639
2811,2533.100,3490
2812,2527.800,3914
2813,2525.000,4075
2814,2526.300,4040
2815,2526.400,3637
2816,2532.500,4305
2817,2527.000,3587
2818,2528.100,4108
2819,2525.000,4142
2820,2531.400,3822
2821,2535.800,3551
2822,2540.500,3898
2823,2528.100,4358
2824,2528.300,4576
2825,2525.000,3827
2826,2528.200,4137
2827,2525.300,3971
2828,2531.500,3551
2829,2528.100,3676
2830,2531.300,3829
2831,2528.300,3932
2832,2528.300,3976
2833,2525.000,3677
2834,2528.200,4128
2835,2528.100,3934
2836,2533.100,3725
2837,2533.600,3418
2838,2531.000,3788
2839,2528.200,3202
2840,2528.200,3645
2841,2528.200,3807
2842,2529.500,4112
2843,2525.000,3768
2844,2528.200,3943
2845,2525.600,3663
2846,2525.000,4474
2847,2525.000,4280
2848,2525.000,4027
2849,2528.700,3961
2850,2528.500,4182
2851,2537.500,4309
2852,2528.300,3830
2853,2526.600,3841
2854,2525.000,4262
2855,2530.800,3772
2856,2525.000,3846
2857,2525.600,3704
2858,2530.400,3781
2859,2529.300,3584
2860,2527.100,3834
2861,2525.000,3709
2862,2531.200,3686
2863,2532.100,3804
2864,2537.300,4111
2865,2525.200,4011
2866,2528.600,3863
2867,2525.000,3793
2868,2527.700,4248
2869,2535.500,4068
2870,2527.700,3825
2871,2532.600,4231
2872,2528.200,4104
2873,2532.800,3810
2874,2529.400,3905
2875,2532.000,4088
2876,2528.300,3506
2877,2528.700,3764
2878,2538.200,4188
2879,2531.600,3866
2880,2539.300,4141
2881,2533.200,4044
2882,2529.400,4454
2883,2525.000,3243
2884,2543.400,4135
2885,2530.300,4052
2886,2532.100,4260
2887,2527.100,4351
2888,2532.600,3685
2889,2535.100,3784
2890,2525.000,3925
2891,2526.500,4151
2892,2543.900,3781
2893,2530.100,3948
2894,2528.700,4550
2895,2525.000,3853
2896,2528.700,3784
2897,2533.500,3832
2898,2535.500,3357
2899,2528.600,4163
2900,2536.400,4072
2901,2528.600,3718
2902,2537.600,3894
2903,2532.600,4653
2904,2532.300,4270
2905,2531.800,3620
2906,2533.600,3877
2907,2533.300,4708
2908,2533.100,3859
2909,2527.900,3452
2910,2525.900,3743
2911,2531.800,3590
2912,2528.100,3652
2913,2531.200,3427
2914,2529.000,3638
2915,2525.000,3643
2916,2540.700,3590
2917,2525.800,3888
2918,2535.500,3585
2919,2528.300,3710
2920,2529.600,3449
2921,2528.300,3959
2922,2527.700,3909
2923,2525.000,3870
2924,2533.200,3800
2925,2527.400,4338
2926,2526.800,3798
2927,2525.000,3859
2928,2527.400,3570
2929,2528.200,4468
2930,2525.000,3559
2931,2534.900,3932
2932,2543.300,3780
2933,2525.000,4005
2934,2527.400,4002
2935,2528.200,4114
2936,2525.000,3718
2937,2535.300,3362
2938,2525.000,3495
2939,2530.300,3551
2940,2528.200,3822
2941,2538.600,4228
2942,2528.300,3671
2943,2533.500,3723
2944,2535.000,3555
2945,2528.700,4182
2946,2525.000,4086
2947,2527.100,3656
2948,2528.900,3583
2949,2535.400,3513
2950,2525.000,3937
2951,2527.600,4061
2952,2526.000,4110
2953,2525.700,3772
2954,2525.000,3707
2955,2526.100,3553
2956,2529.100,3909
2957,2536.300,4187
2958,2531.800,3705
2959,2530.600,4119
2960,2537.100,4161
2961,2530.700,4045
2962,2534.200,3882
2963,2537.200,4052
2964,2534.700,4076
2965,2528.200,4235
2966,2534.400,3603
2967,2533.000,3811
2968,2529.200,4001
2969,2531.600,3707
2970,2525.000,3694
2971,2525.000,3783
2972,2534.200,3579
2973,2528.200,3860
2974,2526.000,3432
2975,2528.700,4201
2976,2525.000,3585
2977,2528.900,4049
2978,2525.000,3639
2979,2529.300,4829
2980,2532.600,3514
2981,2528.300,3947
2982,2525.000,3469
2983,2532.100,3702
2984,2531.800,3708
2985,2528.200,4483
2986,2529.600,3488
2987,2528.300,4027
2988,2526.000,3998
2989,2532.100,3857
2990,2525.000,4531
2991,2529.000,3583
2992,2525.200,3660
2993,2527.700,3786
2994,2527.200,4025
2995,2535.700,3839
2996,2532.700,3344
2997,2525.000,3510
2998,2525.000,4290
2999,2527.700,3976
3000,2527.200,4215
3001,2528.100,3541
3002,2527.200,3509
3003,2529.400,4284
3004,2525.000,3765
3005,2527.200,3572
3006,2528.100,4035
3007,2527.200,3599
3008,2528.300,3854
3009,2533.100,3689
3010,2528.900,3703
3011,2527.200,4077
3012,2531.900,3964
3013,2530.300,3710
3014,2534.600,4218
3015,2528.900,4364
3016,2525.000,3978
3017,2527.600,3693
3018,2539.100,3957
3019,2540.500,3733
3020,2537.900,3688
3021,2533.500,3783
3022,2525.000,3781
3023,2527.800,3847
3024,2525.000,4131
3025,2527.300,4349
3026,2530.300,4233
3027,2528.500,3856
3028,2525.000,4177
3029,2534.000,4058
3030,2525.000,4170
3031,2528.200,3462
3032,2533.400,3828
3033,2525.000,3703
3034,2527.300,4161
3035,2525.000,3771
3036,2525.000,3837
3037,2525.000,3413
3038,2525.000,3942
3039,2528.700,3759
3040,2527.100,3896
3041,2527.400,3622
3042,2538.100,3787
3043,2528.200,3589
3044,2525.800,3690
3045,2525.000,3931
3046,2525.000,3981
3047,2536.000,3870
3048,2527.700,3932
3049,2525.000,3540
3050,2525.800,4000
3051,2525.000,3327
3052,2525.000,4106
3053,2525.000,4293
3054,2533.000,4155
3055,2525.000,4077
3056,2535.200,3697
3057,2527.100,3656
3058,2528.300,3564
3059,2528.600,3936
3060,2525.000,3582
3061,2525.000,4111
3062,2535.700,3759
3063,2536.900,4129
3064,2525.000,4387
3065,2525.000,4035
3066,2525.000,4414
3067,2525.000,3541
3068,2525.000,3683
3069,2525.000,3892
3070,2525.000,3304
3071,2525.000,3959
3072,2529.200,3834
3073,2525.000,3771
3074,2525.000,3808
3075,2525.000,3497
3076,2528.600,4240
3077,2527.100,3878
3078,2532.200,3232
3079,2527.100,4411
3080,2527.100,3666
3081,2525.000,3977
3082,2525.000,3697
3083,2529.900,4022
3084,2536.000,3809
3085,2525.000,3428
3086,2528.000,3984
3087,2525.000,3423
3088,2534.900,3868
3089,2529.900,3627
3090,2525.000,4286
3091,2525.000,3638
3092,2525.000,3542
3093,2528.600,4109
3094,2528.600,3415
3095,2525.000,4269
3096,2527.600,4066
3097,2525.000,4232
3098,2528.200,3851
3099,2525.000,4056
3100,2525.000,3940
3101,2526.500,3792
3102,2525.000,3958
3103,2528.600,3618
3104,2528.600,3891
3105,2525.000,3570
3106,2527.100,4265
3107,2525.000,3407
3108,2535.800,3955
3109,2535.500,4122
3110,2527.100,3923
3111,2525.000,3849
3112,2528.600,3992
3113,2525.000,3820
3114,2525.000,3454
3115,2528.600,3945
3116,2525.000,4157
3117,2532.400,3790
3118,2525.000,3830
3119,2525.000,4093
3120,2526.600,3817
3121,2531.300,3979
3122,2525.000,3819
3123,2528.700,3521
3124,2528.100,4082
3125,2532.800,3967
3126,2525.000,4017
3127,2528.600,3596
3128,2525.000,3791
3129,2525.000,3744
3130,2526.500,3682
3131,2536.400,3902
3132,2525.000,4415
3133,2525.000,4047
3134,2526.500,3745
3135,2530.800,3821
3136,2525.000,3741
3137,2527.200,3676
3138,2525.000,3483
3139,2525.000,4219
3140,2525.500,3713
3141,2526.500,3447
3142,2525.000,3898
3143,2530.100,4140
3144,2525.000,3911
3145,2526.500,3592
3146,2525.000,4376
3147,2528.600,3760
3148,2525.000,4277
3149,2533.700,4172
3150,2531.300,4141
3151,2527.100,3520
3152,2531.800,3838
3153,2527.100,3619
3154,2530.100,3817
3155,2525.000,3334
3156,2525.000,3363
3157,2526.500,4089
3158,2528.600,3720
3159,2532.800,3552
3160,2525.000,4038
3161,2529.900,3739
3162,2536.400,3688
3163,2525.000,3953
3164,2525.000,4072
3165,2532.800,3840
3166,2525.000,3753
3167,2525.000,3905
3168,2528.700,3855
3169,2525.000,3558
3170,2525.000,3259
3171,2531.800,3863
3172,2532.800,3980
3173,2529.100,3730
3174,2525.000,3864
3175,2525.000,3883
3176,2527.700,3878
3177,2525.000,3734
3178,2532.400,3663
3179,2525.000,4049
3180,2526.500,3988
3181,2531.300,3743
3182,2534.000,3434
3183,2525.000,4330
3184,2537.900,3867
3185,2536.400,4070
3186,2525.000,4054
3187,2525.000,4063
3188,2525.000,3710
3189,2525.000,3877
3190,2532.200,4083
3191,2527.200,4224
3192,2527.200,3392
3193,2530.300,3875
3194,2534.500,3770
3195,2526.500,3513
3196,2526.500,4326
3197,2537.900,4057
3198,2528.600,3793
3199,2531.800,3663
3200,2536.700,4108
3201,2525.000,3982
3202,2525.000,3956
3203,2525.000,3512
3204,2525.000,4166
3205,2533.900,3960
3206,2525.000,4105
3207,2525.000,4104
3208,2527.100,4143
3209,2525.000,4213
3210,2538.800,3618
3211,2525.000,3455
3212,2525.000,3993
3213,2525.000,4420
3214,2525.000,3600
3215,2525.000,3557
3216,2527.100,4378
3217,2525.000,3955
3218,2525.000,3523
3219,2526.500,4094
3220,2525.000,4116
3221,2526.500,3598
3222,2525.000,4082
3223,2525.000,4205
3224,2527.200,3525
3225,2530.900,3812
3226,2535.800,3838
3227,2526.500,3638
3228,2525.000,3983
3229,2525.000,3585
3230,2532.800,3759
3231,2525.000,4514
3232,2538.600,3754
3233,2527.200,3836
3234,2525.000,3482
3235,2534.300,3686
3236,2525.000,4026
3237,2525.000,4029
3238,2528.000,3973
3239,2525.000,3836
3240,2525.000,3974
3241,2526.500,3658
3242,2526.500,3808
3243,2526.500,3844
3244,2532.800,3780
3245,2544.600,3986
3246,2535.000,3472
3247,2525.000,4085
3248,2527.200,3851
3249,2525.000,3498
3250,2525.000,3737
3251,2534.000,3409
3252,2538.800,4080
3253,2530.300,3821
3254,2531.800,3610
3255,2544.900,3898
3256,2534.500,3796
3257,2532.400,3485
3258,2525.000,3758
3259,2527.600,3967
3260,2525.000,3357
3261,2527.700,3888
3262,2525.000,4180
3263,2526.500,3758
3264,2525.000,4089
3265,2525.000,3801
3266,2525.000,3777
3267,2530.300,4175
3268,2527.700,3491
3269,2536.600,3866
3270,2526.500,3668
3271,2525.000,3863
3272,2525.000,4700
3273,2530.100,4127
3274,2525.000,4109
3275,2534.300,3792
3276,2530.100,3494
3277,2525.000,3804
3278,2526.500,4177
3279,2530.100,3935
3280,2525.000,4287
3281,2546.200,3902
3282,2542.500,3851
3283,2535.800,3721
3284,2528.600,3869
3285,2529.200,3891
3286,2532.100,4591
3287,2531.500,3831
3288,2530.300,3861
3289,2541.500,3915
3290,2532.400,3996
3291,2531.100,3954
3292,2531.600,3578
3293,2533.200,3707
3294,2529.500,3929
3295,2545.500,4696
3296,2530.700,3522
3297,2531.200,3895
3298,2530.900,4387
3299,2528.600,3492
3300,2526.500,3955
3301,2526.500,3696
3302,2529.900,3683
3303,2530.100,3976
3304,2530.900,3630
3305,2536.300,4081
3306,2538.100,3628
3307,2531.000,3326
3308,2537.700,3894
3309,2530.000,3724
3310,2525.000,4093
3311,2525.000,3604
3312,2530.800,3704
3313,2525.900,4196
3314,2528.800,3577
3315,2526.500,3735
3316,2536.400,4189
3317,2525.000,3684
3318,2525.000,3591
3319,2530.900,3605
3320,2531.800,3893
3321,2528.600,3745
3322,2530.800,3662
3323,2530.300,3586
3324,2537.700,3940
3325,2547.600,4171
3326,2554.500,4018
3327,2533.300,4296
3328,2537.300,3686
3329,2526.500,3635
3330,2525.000,3782
3331,2529.900,4035
3332,2525.000,3996
3333,2538.400,3470
3334,2525.000,4269
3335,2541.100,3536
3336,2529.900,4022
3337,2530.300,3462
3338,2534.900,3477
3339,2525.000,3745
3340,2533.900,3538
3341,2528.200,3448
3342,2525.000,3492
3343,2525.000,3850
3344,2536.800,3497
3345,2530.300,3703
3346,2531.400,3808
3347,2537.700,4047
3348,2526.500,3809
3349,2530.300,3700
3350,2525.000,3986
3351,2525.000,4208
3352,2526.500,4045
3353,2533.500,3654
3354,2525.000,3681
3355,2530.700,3787
3356,2525.000,3695
3357,2525.000,3998
3358,2525.000,3924
3359,2525.000,3994
3360,2526.500,3980
3361,2528.600,3519
3362,2525.000,4392
3363,2525.000,3939
3364,2526.500,3754
3365,2525.000,3444
3366,2526.500,3854
3367,2530.900,3438
3368,2525.000,3992
3369,2525.000,3378
3370,2525.000,3740
3371,2528.600,3980
3372,2525.000,3552
3373,2525.000,3784
3374,2525.000,3550
3375,2526.500,3848
3376,2529.900,4153
3377,2525.000,3982
3378,2528.600,3965
3379,2525.000,3929
3380,2526.500,3862
3381,2529.900,4215
3382,2525.000,3844
3383,2529.900,4029
3384,2532.800,3776
3385,2525.000,3871
3386,2525.000,3514
3387,2525.000,3924
3388,2532.800,4175
3389,2525.000,3944
3390,2525.000,3967
3391,2526.500,3993
3392,2525.900,4104
3393,2529.900,3799
3394,2526.500,4079
3395,2529.900,3347
3396,2530.300,4113
3397,2526.500,3651
3398,2526.700,3731
3399,2526.500,3936
3400,2526.500,3745
3401,2526.500,4436
3402,2532.800,3757
3403,2544.500,3884
3404,2530.700,3634
3405,2525.000,3622
3406,2525.800,3864
3407,2535.800,3638
3408,2525.000,3972
3409,2525.000,3918
3410,2535.200,3993
3411,2526.500,4255
3412,2533.500,3838
3413,2528.600,3810
3414,2532.800,3439
3415,2529.900,4347
3416,2531.400,4020
3417,2531.400,3820
3418,2532.800,3332
3419,2528.000,3367
3420,2532.800,4336
3421,2531.800,3744
3422,2540.600,3906
3423,2537.400,3557
3424,2533.700,3590
3425,2538.000,3727
3426,2544.600,3411
3427,2525.000,4006
3428,2534.800,3630
3429,2538.400,4185
3430,2530.200,3430
3431,2540.300,3824
3432,2537.700,4329
3433,2529.900,3762
3434,2527.300,3804
3435,2526.500,4129
3436,2535.800,3568
3437,2542.500,3738
3438,2532.900,3945
3439,2525.000,3966
3440,2527.200,3887
3441,2527.300,4136
3442,2526.500,3719
3443,2526.500,3454
3444,2525.000,3463
3445,2526.500,3824
3446,2529.900,4049
3447,2539.300,4182
3448,2534.700,4380
3449,2525.000,4260
3450,2533.100,4811
3451,2536.300,4175
3452,2542.900,3238
3453,2534.300,4019
3454,2531.300,4068
3455,2527.300,3495
3456,2534.000,4200
3457,2528.600,3841
3458,2540.200,3802
3459,2531.400,3814
3460,2525.000,3601
3461,2528.600,3379
3462,2528.200,3852
3463,2528.100,3977
3464,2525.000,3775
3465,2528.000,4139
3466,2533.600,3615
3467,2530.300,3575
3468,2528.000,3894
3469,2533.500,4208
3470,2525.000,4127
3471,2529.200,4092
3472,2530.100,3847
3473,2525.800,4199
3474,2527.700,3717
3475,2525.000,3931
3476,2526.500,4402
3477,2525.000,3999
3478,2546.700,4274
3479,2530.300,4319
3480,2537.800,4240
3481,2535.400,3729
3482,2537.700,3675
3483,2532.400,4260
3484,2535.400,3671
3485,2525.000,3894
3486,2531.300,3719
3487,2529.900,3497
3488,2532.600,3443
3489,2534.100,4243
3490,2526.500,4064
3491,2525.000,3838
3492,2530.200,3535
3493,2540.400,3825
3494,2534.300,3710
3495,2525.000,4048
3496,2525.000,4206
3497,2526.500,4187
3498,2532.100,3783
3499,2537.800,3704
3500,2528.700,3768
3501,2529.200,3656
3502,2532.800,3924
3503,2534.300,3901
3504,2528.600,3783
3505,2532.800,3893
3506,2525.000,4207
3507,2531.600,4175
3508,2526.500,4555
3509,2536.000,3929
3510,2541.300,3915
3511,2526.500,3902
3512,2529.200,3700
3513,2543.600,3567
3514,2543.000,3867
3515,2528.500,3866
3516,2527.700,3864
3517,2534.600,4202
3518,2528.000,3346
3519,2525.000,4419
3520,2525.000,4228
3521,2526.500,3590
3522,2527.200,3709
3523,2545.500,3825
3524,2537.000,4115
3525,2534.300,4057
3526,2530.300,3497
3527,2533.000,3808
3528,2528.000,3710
3529,2525.000,3935
3530,2526.500,3455
3531,2529.200,4262
3532,2525.000,4411
3533,2529.200,3573
3534,2532.400,3826
3535,2528.600,3653
3536,2525.000,3715
3537,2525.000,3665
3538,2529.900,3696
3539,2527.200,3491
3540,2525.000,4020
3541,2531.300,3414
3542,2537.900,3978
3543,2536.300,3692
3544,2526.500,3966
3545,2525.000,3633
3546,2525.000,3781
3547,2525.000,3870
3548,2529.900,4345
3549,2525.000,4743
3550,2525.000,3537
3551,2525.000,3888
3552,2529.900,3720
3553,2539.100,3752
3554,2538.000,3843
3555,2525.000,3383
3556,2525.000,4686
3557,2525.000,4094
3558,2527.700,3822
3559,2526.500,3756
3560,2529.900,3844
3561,2529.900,4066
3562,2539.200,3866
3563,2528.000,3710
3564,2532.100,4053
3565,2525.000,3509
3566,2525.000,4195
3567,2528.500,3762
3568,2527.700,3539
3569,2526.300,3933
3570,2525.000,3678
3571,2526.500,3616
3572,2527.700,4677
3573,2527.700,4114
3574,2525.000,4300
3575,2528.000,3816
3576,2526.300,3505
3577,2538.700,3939
3578,2526.500,4126
3579,2526.500,3846
3580,2525.000,4229
3581,2525.000,3561
3582,2527.800,4772
3583,2529.300,3676
3584,2540.700,3694
3585,2534.700,3917
3586,2534.000,4223
3587,2525.000,3800
3588,2527.800,4068
3589,2530.800,3299
3590,2525.000,3822
3591,2525.000,4036
3592,2532.800,3473
3593,2525.000,3514
3594,2538.300,3743
3595,2530.100,3984
3596,2535.800,3790
3597,2540.900,4203
3598,2536.300,3956
3599,2527.700,4296
3600,2537.000,4277
3601,2554.800,3951
3602,2540.700,3512
3603,2542.600,3814
3604,2526.300,3456
3605,2534.800,4004
3606,2525.000,3800
3607,2532.100,3659
3608,2533.600,3797
3609,2535.400,4044
3610,2532.100,3649
3611,2541.400,3973
3612,2542.000,3657
3613,2538.100,3977
3614,2538.200,4079
3615,2525.000,4082
3616,2532.800,3701
3617,2539.200,3508
3618,2539.200,4238
3619,2527.700,4302
3620,2531.800,3661
3621,2525.000,3914
3622,2539.900,3823
3623,2525.000,4348
3624,2533.600,4053
3625,2529.000,4759
3626,2527.700,3914
3627,2532.300,3371
3628,2538.100,3811
3629,2525.000,4186
3630,2530.100,4481
3631,2525.000,3733
3632,2537.400,3708
3633,2526.500,3722
3634,2541.900,3795
3635,2525.000,3624
3636,2540.500,3279
3637,2530.400,3869
3638,2526.500,3486
3639,2526.100,4092
3640,2528.600,4020
3641,2526.100,3741
3642,2533.900,4014
3643,2525.000,3775
3644,2534.300,4043
3645,2531.800,4099
3646,2532.800,4101
3647,2525.000,3686
3648,2544.000,3888
3649,2528.600,3812
3650,2526.500,3834
3651,2534.300,3727
3652,2530.300,3630
3653,2530.100,3527
3654,2525.000,4069
3655,2532.800,3833
3656,2525.000,4229
3657,2525.000,3800
3658,2534.500,3385
3659,2527.700,3777
3660,2540.600,3933
3661,2534.300,4216
3662,2527.000,3735
3663,2532.800,4183
3664,2532.400,3817
3665,2532.800,3825
3666,2527.000,4054
3667,2537.200,3955
3668,2530.100,3595
3669,2530.100,5025
3670,2537.200,3828
3671,2537.700,3680
3672,2525.000,3787
3673,2525.000,3912
3674,2527.700,3233
3675,2532.800,4205
3676,2525.000,3668
3677,2526.500,3624
3678,2525.000,3944
3679,2532.300,4243
3680,2534.300,3653
3681,2528.000,4020
3682,2532.800,3967
3683,2525.000,3839
3684,2534.300,3964
3685,2530.300,3803
3686,2536.400,3817
3687,2525.000,3792
3688,2525.000,3837
3689,2532.800,3970
3690,2561.700,4190
3691,2528.600,3819
3692,2534.800,3895
3693,2540.400,3817
3694,2534.300,3335
3695,2551.800,4231
3696,2525.000,3893
3697,2532.800,3839
3698,2528.500,3905
3699,2525.000,3822
3700,2525.000,3492
3701,2549.900,3979
3702,2540.600,3680
3703,2526.500,4140
3704,2525.000,4051
3705,2530.000,4034
3706,2525.000,4079
3707,2543.000,3773
3708,2526.500,4028
3709,2525.000,3531
3710,2542.100,4240
3711,2532.800,4557
3712,2525.000,3799
3713,2530.300,4174
3714,2535.500,3603
3715,2525.000,3760
3716,2534.300,3990
3717,2530.300,4102
3718,2525.000,3930
3719,2525.000,3997
3720,2527.700,3998
3721,2526.500,4422
3722,2534.500,4264
3723,2525.000,4195
3724,2525.000,3581
3725,2528.000,3777
3726,2526.500,3559
3727,2528.000,4451
3728,2525.000,3700
3729,2526.500,3804
3730,2540.300,3724
3731,2531.400,4019
3732,2540.800,4434
3733,2530.200,3931
3734,2530.300,4141
3735,2547.400,4201
3736,2535.800,3855
3737,2525.000,3870
3738,2526.500,3983
3739,2525.000,3413
3740,2534.300,3594
3741,2540.200,3503
3742,2541.400,4300
3743,2529.200,3911
3744,2527.300,4027
3745,2534.200,3807
3746,2530.700,3487
3747,2543.600,4045
3748,2540.600,4205
3749,2531.400,4170
3750,2536.100,4093
3751,2537.700,4511
3752,2525.000,3790
3753,2541.800,4158
3754,2533.000,3822
3755,2537.700,3353
3756,2534.100,3825
3757,2527.000,3960
3758,2533.000,4073
3759,2545.800,3454
3760,2531.200,3903
3761,2539.800,3498
3762,2546.600,4066
3763,2531.800,3930
3764,2530.200,3571
3765,2533.900,3477
3766,2533.600,3503
3767,2551.900,4216
3768,2568.900,3666
3769,2529.700,3652
3770,2529.800,4428
3771,2525.000,3627
3772,2532.100,3982
3773,2549.900,3800
3774,2535.100,4495
3775,2533.300,3488
3776,2553.700,4100
3777,2536.300,3910
3778,2551.300,3680
3779,2536.400,3957
3780,2598.200,4139
3781,2554.200,4225
3782,2543.800,3882
3783,2544.200,3426
3784,2570.800,3645
3785,2554.900,3708
3786,2562.700,4239
3787,2553.500,4078
3788,2561.300,4576
3789,2554.500,4127
3790,2554.200,3595
3791,2554.100,4112
3792,2581.600,3623
3793,2579.100,3549
3794,2587.400,3972
3795,2545.700,3986
3796,2565.900,3668
3797,2569.200,4010
3798,2566.800,3479
3799,2559.100,4401
3800,2596.800,3742
3801,2568.800,3997
3802,2582.000,3623
3803,2564.300,4104
3804,2580.700,3689
3805,2592.000,4251
3806,2574.700,3425
3807,2580.100,3584
3808,2585.500,4014
3809,2567.900,4321
3810,2598.000,3521
3811,2560.900,3831
3812,2558.600,3958
3813,2570.100,3940
3814,2572.400,3925
3815,2571.100,3394
3816,2555.800,3961
3817,2561.800,3838
3818,2565.800,3630
3819,2559.300,3748
3820,2565.800,4198
3821,2588.700,3460
3822,2560.700,4100
3823,2569.100,3437
3824,2567.000,3655
3825,2583.300,4163
3826,2572.400,3500
3827,2575.300,4087
3828,2608.100,3855
3829,2555.900,4342
3830,2548.800,3690
3831,2584.800,3373
3832,2597.800,3709
3833,2579.600,4711
3834,2574.100,3269
3835,2591.400,4011
3836,2538.200,3559
3837,2565.200,4054
3838,2577.700,4201
3839,2585.700,3712
3840,2545.100,4019
3841,2556.900,4090
3842,2571.200,4020
3843,2581.400,4473
3844,2576.300,3586
3845,2555.000,4132
3846,2591.400,4055
3847,2562.800,4891
3848,2570.000,3522
3849,2563.500,3873
3850,2550.400,3808
3851,2559.900,3608
3852,2571.400,3913
3853,2571.800,3941
3854,2561.400,3889
3855,2583.000,3985
3856,2564.800,4486
3857,2562.500,3522
3858,2561.100,3513
3859,2558.500,4076
3860,2569.100,4265
3861,2542.200,3644
3862,2577.300,4249
3863,2581.800,3568
3864,2572.200,3740
3865,2615.400,3605
3866,2585.900,3714
3867,2586.900,3404
3868,2552.200,4143
3869,2571.500,3941
3870,2553.400,3326
3871,2577.800,4087
3872,2584.700,3932
3873,2576.100,3525
3874,2596.900,4085
3875,2586.500,3903
3876,2563.600,3748
3877,2602.500,3981
3878,2554.200,3905
3879,2579.100,3635
3880,2570.400,3818
3881,2564.600,3931
3882,2583.800,4295
3883,2603.000,3953
3884,2587.100,3531
3885,2574.700,3490
3886,2562.900,3492
3887,2556.200,4265
3888,2567.400,4041
3889,2575.500,3944
3890,2569.200,3938
3891,2587.000,4159
3892,2594.600,3940
3893,2569.600,4081
3894,2563.300,4433
3895,2557.400,3882
3896,2578.500,3820
3897,2560.700,3941
3898,2541.400,3649
3899,2561.900,3953
3900,2555.400,3703
3901,2553.600,3790
3902,2557.700,3881
3903,2561.600,3690
3904,2550.700,4058
3905,2579.200,3757
3906,2561.100,3643
3907,2567.700,3488
3908,2566.200,3922
3909,2558.000,3892
3910,2554.000,3923
3911,2565.000,4161
3912,2544.400,4232
3913,2580.700,3692
3914,2526.700,3583
3915,2540.400,3979
3916,2568.600,3495
3917,2538.400,3698
3918,2528.900,3873
3919,2576.600,4307
3920,2545.800,4210
3921,2531.600,3414
3922,2550.200,4285
3923,2546.300,4182
3924,2537.200,3781
3925,2527.700,3991
3926,2540.200,3750
3927,2555.400,3680
3928,2534.800,4335
3929,2538.900,4656
3930,2569.500,4262
3931,2540.900,3956
3932,2556.500,3527
3933,2541.900,3938
3934,2537.800,3868
3935,2572.700,3831
3936,2546.300,4255
3937,2554.400,3652
3938,2541.200,4181
3939,2550.600,3901
3940,2536.300,3837
3941,2544.900,3633
3942,2550.200,4269
3943,2561.600,4106
3944,2542.100,3971
3945,2561.600,3702
3946,2557.500,3583
3947,2558.700,4189
3948,2556.100,3646
3949,2532.800,3592
3950,2566.500,3915
3951,2543.100,3834
3952,2542.400,4389
3953,2563.700,4038
3954,2533.800,3181
3955,2532.100,4248
3956,2575.100,3716
3957,2571.300,4210
3958,2545.100,4410
3959,2543.900,4062
3960,2562.200,4158
3961,2563.900,4057
3962,2534.100,3601
3963,2540.200,4278
3964,2542.400,4165
3965,2556.000,3781
3966,2564.500,4179
3967,2538.100,3542
3968,2552.700,4041
3969,2549.100,4044
3970,2547.900,3669
3971,2552.000,3880
3972,2540.400,4255
3973,2542.300,3928
3974,2567.000,3969
3975,2541.900,3807
3976,2550.200,4055
3977,2547.600,3834
3978,2535.300,3864
3979,2549.200,3708
3980,2536.400,4252
3981,2535.800,3981
3982,2557.600,3507
3983,2553.700,3413
3984,2551.000,3670
3985,2609.000,3630
3986,2588.800,3910
3987,2536.800,4071
3988,2546.600,3791
3989,2538.000,4201
3990,2576.600,3645
3991,2595.000,4402
3992,2559.400,4268
3993,2560.400,3842
3994,2549.900,4330
3995,2547.300,3886
3996,2546.200,3882
3997,2559.400,3773
3998,2556.100,4352
3999,2555.500,3599
4000,2536.800,3946
4001,2591.400,3664
4002,2568.700,4140
4003,2531.200,3867
4004,2547.000,3876
4005,2539.400,3708
4006,2547.000,3842
4007,2567.800,3844
4008,2536.100,3875
4009,2555.300,3674
4010,2579.500,3346
4011,2577.100,3742
4012,2536.800,4453
4013,2560.500,4311
4014,2548.300,4158
4015,2557.700,3930
4016,2558.400,3842
4017,2557.700,3745
4018,2557.100,3812
4019,2547.000,3738
4020,2562.800,3989
4021,2560.500,4411
4022,2598.700,3936
4023,2547.000,3944
4024,2570.300,3910
4025,2535.900,3764
4026,2549.500,3446
4027,2618.200,4018
4028,2551.200,4313
4029,2546.400,3430
4030,2551.100,3606
4031,2544.600,4260
4032,2542.800,3953
4033,2551.600,4116
4034,2571.500,4168
4035,2559.100,3961
4036,2559.000,3975
4037,2551.500,4211
4038,2561.100,4237
4039,2573.900,3917
4040,2532.400,3717
4041,2598.700,3762
4042,2567.800,3546
4043,2551.400,3486
4044,2530.800,3569
4045,2577.400,3903
4046,2586.400,3859
4047,2581.400,3630
4048,2560.000,4098
4049,2537.700,3255
4050,2610.700,3782
4051,2548.800,3945
4052,2562.800,4155
4053,2552.300,3969
4054,2575.800,3614
4055,2543.400,3773
4056,2592.000,4076
4057,2606.000,4332
4058,2595.700,3646
4059,2592.800,3672
4060,2634.100,3712
4061,2598.800,4092
4062,2563.200,4279
4063,2606.000,3444
4064,2577.800,3647
4065,2631.000,3897
4066,2594.500,4537
4067,2571.600,3848
4068,2575.100,3766
4069,2608.200,4118
4070,2588.900,4031
4071,2578.700,4307
4072,2597.400,3816
4073,2590.500,3514
4074,2549.500,3452
4075,2613.600,3679
4076,2584.000,3753
4077,2580.200,4300
4078,2577.700,3214
4079,2571.100,3982
4080,2607.400,3916
4081,2622.200,4038
4082,2559.900,3632
4083,2585.700,3948
4084,2563.700,3827
4085,2548.800,3869
4086,2544.600,3780
4087,2575.900,3673
4088,2562.400,4220
4089,2562.300,3603
4090,2557.900,3667
4091,2591.000,4049
4092,2548.100,3600
4093,2531.900,3449
4094,2569.600,3790
4095,2561.600,3376
4096,2549.600,3663
4097,2588.400,3824
4098,2546.100,3545
4099,2558.700,3943
4100,2549.000,3923
4101,2542.900,3605
4102,2551.400,3711
4103,2543.600,4077
4104,2585.800,3884
4105,2563.900,3772
4106,2579.100,3735
4107,2545.400,3745
4108,2573.500,4003
4109,2552.600,3974
4110,2552.100,4047
4111,2537.800,3619
4112,2544.300,3987
4113,2573.900,3791
4114,2554.300,3681
4115,2535.800,4044
4116,2559.200,3398
4117,2558.700,3552
4118,2551.500,3434
4119,2549.700,3690
4120,2549.200,3821
4121,2555.400,4103
4122,2543.300,4118
4123,2562.300,4434
4124,2568.600,3714
4125,2562.600,4184
4126,2572.300,3817
4127,2548.000,3416
4128,2565.000,3817
4129,2544.200,3940
4130,2532.100,3938
4131,2538.000,4323
4132,2541.300,3921
4133,2540.700,3852
4134,2549.800,3911
4135,2554.700,3997
4136,2545.600,4218
4137,2572.200,4038
4138,2526.300,3770
4139,2548.500,3503
4140,2541.000,3749
4141,2553.400,3993
4142,2583.000,3760
4143,2536.800,4265
4144,2557.800,3865
4145,2577.500,3591
4146,2547.500,3820
4147,2555.400,3968
4148,2533.600,3937
4149,2562.300,4415
4150,2543.900,4036
4151,2547.600,3835
4152,2557.600,3525
4153,2554.600,3735
4154,2594.100,3519
4155,2589.700,3592
4156,2613.200,3912
4157,2586.000,3995
4158,2575.900,3950
4159,2586.900,3651
4160,2577.100,3619
4161,2576.300,3979
4162,2630.600,4015
4163,2589.000,4541
4164,2578.400,4038
4165,2607.000,4167
4166,2552.100,4166
4167,2569.600,3624
4168,2567.300,4469
4169,2565.400,4126
4170,2580.900,4072
4171,2585.000,4186
4172,2538.900,4139
4173,2574.800,3682
4174,2561.500,3689
4175,2549.300,3432
4176,2550.100,3879
4177,2565.500,3321
4178,2551.200,4308
4179,2539.200,4018
4180,2561.200,4348
4181,2557.300,4520
4182,2543.600,3720
4183,2532.100,3801
4184,2536.400,3859
4185,2530.800,3407
4186,2553.300,3504
4187,2528.200,3360
4188,2557.900,3766
4189,2530.400,3664
4190,2529.900,3721
4191,2553.500,3508
4192,2530.000,3499
4193,2531.500,3772
4194,2526.200,3399
4195,2525.000,4119
4196,2556.100,3865
4197,2558.200,3859
4198,2537.900,3985
4199,2535.700,3551
4200,2549.600,3269
4201,2550.800,4043
4202,2525.000,3906
4203,2545.300,3975
4204,2551.800,3553
4205,2543.300,3496
4206,2551.500,3517
4207,2544.300,3301
4208,2525.000,3746
4209,2533.400,3973
4210,2543.100,3562
4211,2557.500,3698
4212,2563.000,3754
4213,2536.100,4006
4214,2533.100,3968
4215,2540.300,4315
4216,2565.600,3748
4217,2549.000,3789
4218,2551.600,3505
4219,2541.800,4355
4220,2548.400,4358
4221,2532.700,3698
4222,2549.400,3880
4223,2548.500,3598
4224,2538.100,3628
4225,2551.800,3977
4226,2540.400,3734
4227,2537.200,3694
4228,2540.400,4213
4229,2534.900,3875
4230,2554.100,3772
4231,2533.700,3684
4232,2528.200,4041
4233,2543.600,3529
4234,2544.000,3834
4235,2535.200,4472
4236,2534.900,3622
4237,2536.100,3909
4238,2542.500,3945
4239,2542.900,3286
4240,2530.500,3497
4241,2539.400,4062
4242,2534.800,3807
4243,2525.000,3977
4244,2535.500,3943
4245,2538.200,4321
4246,2554.700,3675
4247,2547.600,3756
4248,2541.700,3816
4249,2546.800,3701
4250,2554.100,3796
4251,2534.100,4493
4252,2539.100,4455
4253,2533.300,3895
4254,2525.000,3752
4255,2525.000,3737
4256,2525.800,3895
4257,2525.000,3772
4258,2528.700,4338
4259,2548.300,3670
4260,2534.600,3864
4261,2541.700,3796
4262,2547.000,3423
4263,2528.100,4065
4264,2533.300,3551
4265,2533.900,3934
4266,2533.500,3997
4267,2526.600,3936
4268,2525.000,3842
4269,2525.000,3536
4270,2533.600,4274
4271,2525.000,3691
4272,2539.600,3689
4273,2555.000,3918
4274,2536.900,3831
4275,2537.500,3545
4276,2540.800,3936
4277,2529.900,4154
4278,2539.000,3615
4279,2540.000,4063
4280,2537.200,3894
4281,2537.000,3999
4282,2540.000,3700
4283,2527.400,4384
4284,2542.400,3780
4285,2544.200,3821
4286,2542.800,4019
4287,2537.900,3338
4288,2530.400,3835
4289,2545.500,3679
4290,2539.000,3619
4291,2528.700,4075
4292,2535.400,4149
4293,2529.200,4021
4294,2531.000,3840
4295,2536.000,3683
4296,2525.400,3593
4297,2527.400,3879
4298,2527.100,3707
4299,2540.100,4308
4300,2537.800,4122
4301,2553.800,3927
4302,2548.500,4036
4303,2532.200,4238
4304,2535.100,4102
4305,2540.700,3804
4306,2530.500,4041
4307,2527.800,3970
4308,2539.100,3363
4309,2535.000,3982
4310,2528.500,4037
4311,2546.500,4023
4312,2531.300,3908
4313,2525.400,3822
4314,2545.300,3781
4315,2528.600,4486
4316,2534.300,3849
4317,2531.900,3826
4318,2527.100,4133
4319,2526.400,3737
4320,2535.600,3703
4321,2528.100,3562
4322,2538.800,3624
4323,2528.500,4299
4324,2525.000,3552
4325,2525.400,3622
4326,2529.500,3448
4327,2544.000,4101
4328,2531.300,3889
4329,2531.000,3883
4330,2530.300,3780
4331,2525.000,3364
4332,2531.800,3996
4333,2527.100,3685
4334,2533.100,4567
4335,2530.600,4095
4336,2548.300,3420
4337,2530.200,4329
4338,2533.400,3575
4339,2539.000,3688
4340,2528.400,4372
4341,2533.000,4050
4342,2543.800,3909
4343,2534.700,3778
4344,2531.100,3922
4345,2526.800,3859
4346,2533.900,3820
4347,2529.200,3511
4348,2525.000,3870
4349,2526.700,3933
4350,2537.500,4383
4351,2525.000,3466
4352,2525.100,3972
4353,2527.400,3850
4354,2541.200,4052
4355,2542.100,4134
4356,2525.900,4084
4357,2528.600,3883
4358,2526.400,3900
4359,2530.100,3575
4360,2539.400,3632
4361,2549.700,3774
4362,2529.600,4002
4363,2528.100,3707
4364,2529.200,3911
4365,2546.900,3819
4366,2528.700,3635
4367,2543.300,3668
4368,2537.500,4268
4369,2535.200,3327
4370,2525.900,3489
4371,2533.700,3653
4372,2525.100,3852
4373,2544.700,3970
4374,2547.100,4291
4375,2544.100,3668
4376,2530.900,3718
4377,2526.800,3502
4378,2528.300,3834
4379,2531.300,3902
4380,2534.000,4000
4381,2530.100,4001
4382,2527.600,3623
4383,2525.900,3667
4384,2526.300,3953
4385,2529.400,3950
4386,2532.900,3657
4387,2533.400,4270
4388,2529.200,3760
4389,2538.700,4137
4390,2533.600,3775
4391,2525.000,4121
4392,2540.100,4032
4393,2529.900,3633
4394,2538.700,4041
4395,2528.800,4002
4396,2529.700,3993
4397,2529.500,4085
4398,2533.000,4204
4399,2529.300,4106
4400,2529.100,3695
4401,2525.000,3795
4402,2535.400,3804
4403,2537.500,4088
4404,2529.600,3507
4405,2527.700,4237
4406,2530.000,3837
4407,2532.000,3417
4408,2530.100,4151
4409,2530.600,3507
4410,2537.200,4315
4411,2533.000,4400
4412,2527.200,4019
4413,2529.600,4156
4414,2534.900,3849
4415,2535.800,3921
4416,2530.900,3859
4417,2529.300,3509
4418,2526.700,3697
4419,2535.800,3546
4420,2527.600,3751
4421,2525.900,3620
4422,2529.700,3651
4423,2528.600,4358
4424,2526.900,3636
4425,2525.900,3855
4426,2536.300,3596
4427,2530.300,3709
4428,2525.900,3665
4429,2530.700,3551
4430,2526.400,4189
4431,2534.300,3977
4432,2526.800,4100
4433,2529.300,3643
4434,2529.400,3460
4435,2526.200,3952
4436,2528.400,3991
4437,2525.000,3711
4438,2530.300,3495
4439,2541.200,3711
4440,2531.900,3779
4441,2527.600,4103
4442,2531.700,4256
4443,2526.700,4049
4444,2528.600,3797
4445,2531.300,4291
4446,2531.000,4153
4447,2527.700,4131
4448,2525.000,3951
4449,2526.700,3583
4450,2528.200,4480
4451,2530.500,3666
4452,2529.100,4402
4453,2530.000,3440
4454,2525.000,3262
4455,2525.000,3793
4456,2527.100,4047
4457,2525.000,3598
4458,2531.500,3508
4459,2527.200,3757
4460,2533.600,3368
4461,2528.100,4023
4462,2533.700,3707
4463,2528.600,3556
4464,2530.800,3897
4465,2532.100,3825
4466,2528.600,3970
4467,2528.600,3579
4468,2525.000,3649
4469,2527.800,4280
4470,2527.800,3962
4471,2529.800,4280
4472,2531.100,4337
4473,2528.100,4140
4474,2525.000,3656
4475,2533.000,3972
4476,2526.900,4080
4477,2528.200,3670
4478,2528.800,3683
4479,2529.100,3474
4480,2531.600,4194
4481,2533.500,4036
4482,2527.400,3313
4483,2530.500,3790
4484,2533.000,4441
4485,2532.200,3757
4486,2526.700,4145
4487,2529.300,3675
4488,2525.000,4018
4489,2526.700,4116
4490,2529.900,4158
4491,2533.800,4199
4492,2528.600,3617
4493,2527.600,3758
4494,2525.000,3855
4495,2529.400,3857
4496,2525.000,3540
4497,2525.000,3700
4498,2533.100,3534
4499,2525.200,3711
4500,2525.200,3585
4501,2527.800,3545
4502,2529.400,3928
4503,2528.900,4031
4504,2529.100,3866
4505,2529.400,3998
4506,2529.800,3435
4507,2529.900,4075
4508,2529.900,3509
4509,2533.100,3438
4510,2526.200,4095
4511,2528.900,4189
4512,2527.100,4289
4513,2527.900,3455
4514,2527.900,3656
4515,2525.000,3980
4516,2525.000,4073
4517,2532.700,4348
4518,2532.300,4073
4519,2527.900,3880
4520,2525.000,4112
4521,2525.600,3490
4522,2525.200,3961
4523,2525.200,3814
4524,2525.400,3392
4525,2525.200,3959
4526,2525.400,3781
4527,2527.100,4106
4528,2526.000,4024
4529,2525.600,4274
4530,2529.000,3969
4531,2525.600,3707
4532,2526.200,3675
4533,2531.500,3926
4534,2525.000,3784
4535,2532.700,3803
4536,2528.400,3532
4537,2538.100,3391
4538,2537.500,4331
4539,2535.600,3939
4540,2526.400,3796
4541,2530.800,3889
4542,2525.000,3984
4543,2535.900,4011
4544,2529.100,4027
4545,2527.200,3771
4546,2525.200,4167
4547,2542.500,3805
4548,2525.200,4160
4549,2539.800,4250
4550,2528.100,3926
4551,2525.200,4072
4552,2527.700,3756
4553,2532.700,3548
4554,2525.000,3843
4555,2526.400,3761
4556,2528.300,3535
4557,2525.000,3603
4558,2525.000,4133
4559,2527.800,3856
4560,2528.500,4058
4561,2532.100,3591
4562,2532.500,4271
4563,2533.100,4020
4564,2532.300,3860
4565,2525.400,4080
4566,2525.000,3664
4567,2531.200,4016
4568,2532.100,3931
4569,2525.200,3564
4570,2532.100,3637
4571,2532.100,3226
4572,2532.300,3693
4573,2525.600,3944
4574,2525.200,4204
4575,2546.300,4362
4576,2525.000,4224
4577,2525.200,3939
4578,2525.000,3711
4579,2525.000,3677
4580,2525.000,3664
4581,2525.000,3861
4582,2525.000,3921
4583,2525.000,3708
4584,2525.000,3476
4585,2525.000,3805
4586,2525.000,3610
4587,2526.700,4029
4588,2525.200,3567
4589,2525.000,4327
4590,2532.100,3998
4591,2525.200,3601
4592,2525.600,4363
4593,2525.000,3815
4594,2525.000,3659
4595,2525.000,4166
4596,2528.000,3309
4597,2525.000,3690
4598,2525.200,3688
4599,2525.000,3972
4600,2525.000,3978
4601,2528.600,3818
4602,2525.000,3880
4603,2525.000,4153
4604,2525.000,3950
4605,2527.400,3718
4606,2525.000,3950
4607,2525.000,4002
4608,2525.000,3945
4609,2525.200,4208
4610,2525.000,4067
4611,2525.000,4060
4612,2525.000,3928
4613,2525.000,3439
4614,2525.000,3609
4615,2525.000,4111
4616,2525.000,3753
4617,2527.100,3772
4618,2525.000,4247
4619,2525.000,3375
4620,2525.000,4162
4621,2525.000,4052
4622,2525.000,3750
4623,2525.000,3709
4624,2527.700,4056
4625,2525.000,3417
4626,2525.000,3818
4627,2527.700,3759
4628,2525.000,4118
4629,2525.000,4057
4630,2525.000,3563
4631,2525.000,3965
4632,2525.000,4306
4633,2525.000,3972
4634,2528.300,4551
4635,2525.000,3938
4636,2527.700,3874
4637,2529.400,4466
4638,2528.300,3875
4639,2525.000,3602
4640,2525.000,3992
4641,2526.000,4042
4642,2528.100,3844
4643,2525.000,3396
4644,2530.800,4103
4645,2529.000,3787
4646,2525.000,4828
4647,2525.000,3621
4648,2529.200,3558
4649,2532.700,3954
4650,2528.100,3809
4651,2525.000,3871
4652,2533.000,3672
4653,2525.000,3376
4654,2525.600,3640
4655,2525.000,3725
4656,2525.000,3573
4657,2528.100,3611
4658,2528.500,4186
4659,2527.700,3569
4660,2525.000,3863
4661,2525.200,3767
4662,2527.700,3818
4663,2525.000,3924
4664,2525.000,4054
4665,2525.000,4074
4666,2527.700,3693
4667,2525.200,3656
4668,2525.000,3674
4669,2525.000,4129
4670,2525.000,3851
4671,2528.600,3644
4672,2528.600,3535
4673,2525.000,3951
4674,2525.000,3764
4675,2525.000,4331
4676,2525.000,3686
4677,2525.600,3736
4678,2528.600,4063
4679,2528.800,3548
4680,2525.200,4096
4681,2525.000,3882
4682,2529.500,4063
4683,2525.000,4247
4684,2532.400,3645
4685,2528.600,3964
4686,2529.300,3977
4687,2529.200,4011
4688,2525.000,3878
4689,2528.600,3811
4690,2533.900,3772
4691,2525.000,4094
4692,2525.600,3674
4693,2525.000,4059
4694,2529.200,4030
4695,2525.200,4077
4696,2525.000,3907
4697,2525.000,3926
4698,2529.100,4432
4699,2525.000,3615
4700,2528.600,4231
4701,2525.200,3988
4702,2529.000,3911
4703,2525.000,3880
4704,2525.200,3791
4705,2525.000,3898
4706,2529.200,4031
4707,2533.100,4318
4708,2529.000,4006
4709,2529.400,3993
4710,2525.800,4265
4711,2525.000,4017
4712,2525.700,3936
4713,2525.600,4066
4714,2525.000,4059
4715,2525.000,4150
4716,2525.000,3888
4717,2533.300,4260
4718,2525.800,3865
4719,2525.000,3867
4720,2526.000,3789
4721,2525.000,3421
4722,2525.000,3543
4723,2525.000,3828
4724,2525.000,3362
4725,2525.000,3840
4726,2525.600,3551
4727,2525.000,3736
4728,2525.600,4206
4729,2525.600,3616
4730,2525.000,3732
4731,2529.300,3585
4732,2525.200,3914
4733,2526.300,3655
4734,2525.800,4098
4735,2525.000,4036
4736,2525.000,3891
4737,2525.000,3665
4738,2525.600,3712
4739,2525.600,3693
4740,2525.000,3839
4741,2526.800,3839
4742,2525.000,4037
4743,2525.000,3463
4744,2526.400,4277
4745,2525.000,3895
4746,2525.200,3752
4747,2526.200,4032
4748,2525.000,4158
4749,2525.000,3851
4750,2525.200,3687
4751,2527.700,4479
4752,2525.000,4131
4753,2525.800,3919
4754,2528.800,3887
4755,2525.800,3807
4756,2525.000,3952
4757,2526.000,3563
4758,2525.000,3966
4759,2525.000,3909
4760,2525.000,4764
4761,2525.400,4308
4762,2525.000,3670
4763,2527.700,4475
4764,2525.000,4021
4765,2528.100,3803
4766,2525.000,3591
4767,2525.000,3803
4768,2525.000,4470
4769,2525.000,3937
4770,2525.000,3665
4771,2525.000,3552
4772,2525.000,4001
4773,2525.000,4566
4774,2525.000,3871
4775,2525.600,3650
4776,2525.000,3537
4777,2532.900,3840
4778,2526.000,3980
4779,2525.600,4091
4780,2525.000,4437
4781,2525.300,4707
4782,2525.600,3784
4783,2525.000,3997
4784,2528.100,4007
4785,2525.000,3706
4786,2525.000,3611
4787,2532.500,3400
4788,2525.000,3867
4789,2525.600,4433
4790,2533.000,4109
4791,2525.600,3955
4792,2525.600,3865
4793,2525.600,3712
4794,2528.600,4126
4795,2525.000,3708
4796,2525.000,4088
4797,2536.900,4382
4798,2525.000,3550
4799,2525.600,4250
4800,2525.600,4132
4801,2525.000,3739
4802,2525.000,3763
4803,2525.000,3871
4804,2525.000,3300
4805,2525.000,4401
4806,2525.200,3885
4807,2525.000,3754
4808,2525.000,4139
4809,2525.600,3833
4810,2525.000,3864
4811,2525.800,4290
4812,2525.000,4028
4813,2525.000,3985
4814,2525.000,3565
4815,2525.000,3669
4816,2525.000,3853
4817,2525.000,3991
4818,2525.600,3515
4819,2525.000,3860
4820,2525.000,4220
4821,2525.000,3882
4822,2525.000,4082
4823,2525.000,4144
4824,2525.600,3330
4825,2525.800,3656
4826,2525.000,3397
4827,2525.000,3504
4828,2525.600,3771
4829,2525.000,3592
4830,2525.200,4279
4831,2525.000,3756
4832,2525.200,4053
4833,2525.200,3662
4834,2525.000,3653
4835,2525.000,3783
4836,2525.000,3391
4837,2525.600,3854
4838,2525.000,3444
4839,2525.000,3902
4840,2525.000,3453
4841,2525.000,4078
4842,2525.000,3687
4843,2525.000,3730
4844,2525.000,3699
4845,2525.000,4027
4846,2525.000,3922
4847,2525.000,3641
4848,2525.000,3421
4849,2527.700,4079
4850,2528.300,4224
4851,2525.000,3752
4852,2525.600,3930
4853,2525.000,4298
4854,2525.000,3709
4855,2525.000,3735
4856,2525.000,4188
4857,2527.700,3935
4858,2525.000,3779
4859,2527.700,3906
4860,2525.000,3942
4861,2525.000,3713
4862,2525.000,4249
4863,2527.700,3163
4864,2525.000,3834
4865,2525.000,3433
4866,2527.700,3607
4867,2525.000,3892
4868,2527.800,3885
4869,2527.700,4287
4870,2527.700,3714
4871,2525.000,3732
4872,2530.400,3914
4873,2527.700,3817
4874,2525.000,3857
4875,2525.000,4144
4876,2525.000,4307
4877,2525.000,4168
4878,2525.000,4015
4879,2527.700,4009
4880,2525.000,3606
4881,2525.000,3944
4882,2525.000,4172
4883,2525.000,3962
4884,2525.000,3539
4885,2525.000,3813
4886,2527.700,3582
4887,2527.700,3972
4888,2527.700,4585
4889,2530.400,3848
4890,2525.000,3532
4891,2525.000,3717
4892,2525.000,3774
4893,2525.000,4471
4894,2525.000,3436
4895,2525.000,4690
4896,2525.000,4191
4897,2525.000,3823
4898,2525.000,4143
4899,2527.700,3448
4900,2530.400,3626
4901,2527.700,3857
4902,2525.000,3477
4903,2527.700,3806
4904,2525.000,3814
4905,2525.000,3599
4906,2525.000,4298
4907,2525.000,3896
4908,2530.800,3871
4909,2525.000,4282
4910,2525.000,4595
4911,2525.000,3689
4912,2525.000,4179
4913,2527.700,3915
4914,2527.700,4182
4915,2525.000,4281
4916,2525.000,3846
4917,2527.700,3746
4918,2530.400,3901
4919,2525.000,4415
4920,2525.000,3494
4921,2525.000,3839
4922,2525.000,3911
4923,2525.000,3861
4924,2527.700,4263
4925,2525.000,4104
4926,2525.000,4177
4927,2525.000,3661
4928,2525.000,3859
4929,2527.700,3485
4930,2525.000,4069
4931,2525.000,3809
4932,2525.000,3298
4933,2525.000,3501
4934,2525.000,3941
4935,2525.000,4384
4936,2525.000,3751
4937,2525.000,3555
4938,2525.000,3772
4939,2525.000,3773
4940,2525.000,3629
4941,2525.000,3671
4942,2527.700,4309
4943,2525.000,3794
4944,2525.000,4272
4945,2525.000,3922
4946,2525.000,3743
4947,2525.000,3477
4948,2525.000,4161
4949,2525.000,3868
4950,2525.000,4058
4951,2525.000,3431
4952,2525.000,4076
4953,2525.000,3940
4954,2525.000,3585
4955,2525.000,4189
4956,2525.000,3858
4957,2525.000,3614
4958,2527.700,3647
4959,2525.000,3726
4960,2525.000,3318
4961,2525.000,4203
4962,2525.000,3760
4963,2525.000,3949
4964,2525.000,3600
4965,2525.000,4607
4966,2525.000,3919
4967,2525.000,3504
4968,2525.000,3758
4969,2525.000,3480
4970,2525.000,4227
4971,2525.000,3853
4972,2525.000,4093
4973,2525.000,3791
4974,2527.700,3765
4975,2525.000,3652
4976,2525.000,4209
4977,2525.000,3379
4978,2525.000,3599
4979,2525.000,3565
4980,2525.000,3411
4981,2525.000,3887
4982,2525.000,3586
4983,2525.000,3949
4984,2525.000,3946
4985,2525.000,3952
4986,2525.000,3987
4987,2525.000,3695
4988,2525.000,3952
4989,2525.000,3899
4990,2525.000,4156
4991,2525.000,4018
4992,2525.000,4225
4993,2525.000,3914
4994,2525.000,3981
4995,2525.000,3989
4996,2525.000,3802
4997,2525.000,3818
4998,2527.700,3769
4999,2525.000,3743
